draw,capability,pct_nodes_changed,mean_abs_score_delta,max_weight
0,restorativeness,1.1516314779270633,0.002303262955854127,0.2573158518680536
1,restorativeness,1.6634676903390915,0.0033269353806781835,0.24013671005349901
2,restorativeness,1.0236724248240563,0.0020473448496481127,0.2665432734292346
3,restorativeness,1.599488163787588,0.003198976327575176,0.266489114015688
4,restorativeness,2.4312220089571337,0.004862444017914269,0.23324413664734808
5,restorativeness,0.7677543186180422,0.0015355086372360847,0.22891944311948942
6,restorativeness,1.6634676903390915,0.0033269353806781835,0.24586263193738858
7,restorativeness,0.7037747920665387,0.0014075495841330775,0.25008039580816144
8,restorativeness,3.071017274472169,0.006142034548944339,0.259757484501047
9,restorativeness,1.3435700575815739,0.0026871401151631483,0.21682267711769967
10,restorativeness,21.04926423544466,0.04222648752399232,0.2834614994410836
11,restorativeness,0.4478566858605247,0.0008957133717210495,0.30278277786372043
12,restorativeness,1.2795905310300704,0.0025591810620601407,0.25350057858926006
13,restorativeness,0.4478566858605247,0.0008957133717210495,0.23110377914907834
14,restorativeness,0.3838771593090211,0.0007677543186180424,0.23135276012012698
15,restorativeness,2.1753039027511196,0.00435060780550224,0.2345409403371056
16,restorativeness,18.87396033269354,0.037747920665387076,0.2459099239450539
17,restorativeness,0.3198976327575176,0.0006397952655150352,0.26646802969665073
18,restorativeness,1.1516314779270633,0.002303262955854127,0.2812620853773273
19,restorativeness,18.87396033269354,0.037747920665387076,0.26994183621628953
20,restorativeness,1.8554062699936023,0.003710812539987204,0.26491305716891717
21,restorativeness,1.8554062699936023,0.0037108125399872047,0.24410872225433733
22,restorativeness,1.8554062699936023,0.003710812539987204,0.23514545010886784
23,restorativeness,2.36724248240563,0.004734484964811261,0.23228302839949289
24,restorativeness,19.001919385796544,0.038003838771593086,0.2772812490549128
25,restorativeness,0.2559181062060141,0.0005118362124120282,0.24729731881803732
26,restorativeness,1.599488163787588,0.003198976327575176,0.24283651312073423
27,restorativeness,1.983365323096609,0.003966730646193219,0.27602012257908815
28,restorativeness,0.2559181062060141,0.0005118362124120283,0.23153737043283615
29,restorativeness,1.2156110044785668,0.0024312220089571343,0.24801053002451431
30,restorativeness,2.1753039027511196,0.00435060780550224,0.23266053449691695
31,restorativeness,19.769673704414586,0.039539347408829174,0.2777670584338081
32,restorativeness,2.3032629558541267,0.004606525911708254,0.2366964504018676
33,restorativeness,2.5591810620601407,0.005118362124120283,0.24555532368174204
34,restorativeness,0.19193857965451055,0.0003838771593090212,0.2159460816142208
35,restorativeness,2.239283429302623,0.004478566858605247,0.2807536313020415
36,restorativeness,1.7914267434420987,0.003582853486884198,0.24667338349440787
37,restorativeness,0.7037747920665387,0.0014075495841330775,0.24835217229726483
38,restorativeness,1.0876519513755598,0.00217530390275112,0.23033224694728877
39,restorativeness,0.3838771593090211,0.0007677543186180424,0.23626280886497575
40,restorativeness,1.3435700575815739,0.0026871401151631483,0.2174883125511518
41,restorativeness,0.4478566858605247,0.0008957133717210493,0.28005149230567133
42,restorativeness,0.9596928982725527,0.0019193857965451055,0.27640163555917374
43,restorativeness,1.9193857965451053,0.003838771593090211,0.22982398979310067
44,restorativeness,0.4478566858605247,0.0008957133717210495,0.2899393464375846
45,restorativeness,20.281509916826614,0.040563019833653235,0.3166909787803811
46,restorativeness,1.4075495841330774,0.002815099168266155,0.23329141014478327
47,restorativeness,0.7677543186180422,0.0015355086372360843,0.23950300997803411
48,restorativeness,2.495201535508637,0.0049904030710172746,0.30409362430919834
49,restorativeness,0.4478566858605247,0.0008957133717210493,0.23852992786308974
50,restorativeness,0.8957133717210494,0.0017914267434420987,0.2591289066607277
51,restorativeness,1.0236724248240563,0.0020473448496481127,0.23037827734083274
52,restorativeness,19.513755598208572,0.039027511196417154,0.2765837389060825
53,restorativeness,4.222648752399232,0.008445297504798464,0.28797425259628223
54,restorativeness,0.3198976327575176,0.0006397952655150352,0.21858985275476633
55,restorativeness,1.0236724248240563,0.0020473448496481127,0.2383637622776928
56,restorativeness,20.217530390275112,0.040435060780550224,0.27436588670582357
57,restorativeness,0.4478566858605247,0.0008957133717210495,0.2522989318143692
58,restorativeness,1.0876519513755598,0.00217530390275112,0.2593573240260349
59,restorativeness,18.87396033269354,0.037747920665387076,0.258168665859582
60,restorativeness,0.8957133717210494,0.001791426743442099,0.27190606025568587
61,restorativeness,0.3198976327575176,0.0006397952655150354,0.2502403836844791
62,restorativeness,2.0473448496481126,0.004094689699296225,0.2656107095281522
63,restorativeness,2.6871401151631478,0.005374280230326297,0.2861212614824282
64,restorativeness,1.5355086372360844,0.0030710172744721695,0.22736375578955897
65,restorativeness,0.9596928982725527,0.001919385796545106,0.24063820830698238
66,restorativeness,19.705694177863084,0.03941138835572617,0.2773315745667801
67,restorativeness,3.134996801023673,0.006269993602047345,0.26984293128774817
68,restorativeness,2.5591810620601407,0.005118362124120281,0.2976412884977558
69,restorativeness,2.111324376199616,0.004222648752399233,0.25093276326071345
70,restorativeness,19.065898912348047,0.0381317978246961,0.2513858790942293
71,restorativeness,18.87396033269354,0.037747920665387076,0.2607645896997936
72,restorativeness,0.12795905310300704,0.0002559181062060141,0.2631605694484547
73,restorativeness,0.4478566858605247,0.0008957133717210495,0.2581863888763986
74,restorativeness,1.983365323096609,0.003966730646193219,0.22011620784552965
75,restorativeness,5.310300703774792,0.010620601407549585,0.3014223550181135
76,restorativeness,0.0,0.0,0.2702125151961184
77,restorativeness,1.2795905310300704,0.0025591810620601407,0.23858345234814407
78,restorativeness,0.7037747920665387,0.0014075495841330775,0.2543265291156411
79,restorativeness,2.4312220089571337,0.004862444017914269,0.23131507760089065
80,restorativeness,0.4478566858605247,0.0008957133717210493,0.2602475064936041
81,restorativeness,1.8554062699936023,0.003710812539987204,0.24183363012902234
82,restorativeness,20.089571337172103,0.040179142674344206,0.2671885130594858
83,restorativeness,0.7037747920665387,0.0014075495841330775,0.2398867806661588
84,restorativeness,0.5118362124120281,0.0010236724248240564,0.246195248628175
85,restorativeness,2.36724248240563,0.004734484964811261,0.2351501948767707
86,restorativeness,1.2156110044785668,0.0024312220089571343,0.2592445812254299
87,restorativeness,1.1516314779270633,0.002303262955854127,0.256196469847837
88,restorativeness,18.87396033269354,0.037747920665387076,0.2593315774922402
89,restorativeness,0.4478566858605247,0.0008957133717210495,0.22285589653019353
90,restorativeness,0.19193857965451055,0.00038387715930902124,0.25447935109246517
91,restorativeness,0.3838771593090211,0.0007677543186180424,0.2439617073449365
92,restorativeness,1.2795905310300704,0.0025591810620601407,0.25184082937764085
93,restorativeness,1.5355086372360844,0.0030710172744721695,0.22990225342027704
94,restorativeness,18.93793985924504,0.03787587971849009,0.2654452293151083
95,restorativeness,0.4478566858605247,0.0008957133717210495,0.2097711187129782
96,restorativeness,2.1753039027511196,0.00435060780550224,0.27373681212811574
97,restorativeness,0.2559181062060141,0.0005118362124120282,0.2111626489052839
98,restorativeness,1.0236724248240563,0.0020473448496481127,0.3127389826104857
99,restorativeness,0.8957133717210494,0.001791426743442099,0.2950834042471845
100,restorativeness,2.1753039027511196,0.00435060780550224,0.3086282659363713
101,restorativeness,1.5355086372360844,0.0030710172744721695,0.22135122903337237
102,restorativeness,3.198976327575176,0.006397952655150352,0.25839276436589886
103,restorativeness,18.55406269993602,0.037108125399872044,0.24964456430694115
104,restorativeness,1.471529110684581,0.0029430582213691623,0.2978852439953646
105,restorativeness,19.513755598208572,0.039027511196417154,0.30142181987092115
106,restorativeness,2.6871401151631478,0.005374280230326297,0.24170088160315534
107,restorativeness,1.0876519513755598,0.00217530390275112,0.2587607213713055
108,restorativeness,0.9596928982725527,0.0019193857965451055,0.22812869076186373
109,restorativeness,3.8387715930902107,0.007677543186180425,0.2809781671637289
110,restorativeness,1.4075495841330774,0.002815099168266155,0.23344482489933147
111,restorativeness,1.4075495841330774,0.002815099168266155,0.24593552794009166
112,restorativeness,0.6397952655150352,0.0012795905310300703,0.22504813097004672
113,restorativeness,2.495201535508637,0.0049904030710172746,0.26997401395930165
114,restorativeness,0.8317338451695457,0.0016634676903390915,0.2636572466632441
115,restorativeness,1.2156110044785668,0.0024312220089571343,0.2322449789359494
116,restorativeness,20.281509916826614,0.04069097888675624,0.2995078284703938
117,restorativeness,1.2795905310300704,0.0025591810620601407,0.22145669551429534
118,restorativeness,20.34548944337812,0.040818937939859246,0.27385667836162586
119,restorativeness,1.0876519513755598,0.00217530390275112,0.2245213512257336
120,restorativeness,20.473448496481126,0.04120281509916827,0.3020574872310111
121,restorativeness,3.3909149072296865,0.006781829814459374,0.26029680301442054
122,restorativeness,0.5758157389635317,0.0011516314779270636,0.2635183429057373
123,restorativeness,5.054382597568778,0.010108765195137556,0.3296742473908903
124,restorativeness,1.0876519513755598,0.00217530390275112,0.2112889011567603
125,restorativeness,1.2156110044785668,0.002431222008957134,0.23054238948515693
126,restorativeness,1.599488163787588,0.003198976327575176,0.25324612642860145
127,restorativeness,1.8554062699936023,0.003710812539987204,0.24691384455752577
128,restorativeness,3.5828534868841975,0.007165706973768395,0.276065878305762
129,restorativeness,0.7037747920665387,0.0014075495841330775,0.2552270942926429
130,restorativeness,1.6634676903390915,0.0033269353806781835,0.2298099143187262
131,restorativeness,2.4312220089571337,0.004862444017914269,0.24625828032747749
132,restorativeness,2.1753039027511196,0.00435060780550224,0.223581473020278
133,restorativeness,1.0876519513755598,0.00217530390275112,0.2619600560926761
134,restorativeness,2.8790786948176583,0.005758157389635317,0.3397835304106471
135,restorativeness,0.8317338451695457,0.0016634676903390915,0.23374802942923448
136,restorativeness,20.92130518234165,0.04197056941778631,0.2542729027447096
137,restorativeness,19.065898912348047,0.03813179782469609,0.25491929858917317
138,restorativeness,18.87396033269354,0.037747920665387076,0.24359567315161526
139,restorativeness,19.001919385796544,0.038003838771593086,0.2670015628753639
140,restorativeness,0.3838771593090211,0.0007677543186180424,0.22065940370614376
141,restorativeness,18.55406269993602,0.037108125399872044,0.2866937833717717
142,restorativeness,0.7037747920665387,0.0014075495841330775,0.22104973504882922
143,restorativeness,2.8790786948176583,0.005758157389635317,0.32891375540066586
144,restorativeness,0.3198976327575176,0.0006397952655150352,0.23228031149340078
145,restorativeness,1.6634676903390915,0.0033269353806781835,0.3009980724951677
146,restorativeness,2.1753039027511196,0.00435060780550224,0.26758762613201675
147,restorativeness,3.45489443378119,0.0069097888675623805,0.30731607977738495
148,restorativeness,1.0236724248240563,0.0020473448496481127,0.22470901911148902
149,restorativeness,0.2559181062060141,0.0005118362124120283,0.2290594861786988
150,restorativeness,1.1516314779270633,0.002303262955854127,0.2629484170795371
151,restorativeness,3.45489443378119,0.006909788867562381,0.28604941414472196
152,restorativeness,18.93793985924504,0.03787587971849009,0.28048928591510636
153,restorativeness,0.3198976327575176,0.0006397952655150352,0.260045192632653
154,restorativeness,2.4312220089571337,0.004862444017914269,0.2383461195720786
155,restorativeness,19.001919385796544,0.038003838771593086,0.2276990347801219
156,restorativeness,0.5758157389635317,0.0011516314779270636,0.2557392938501221
157,restorativeness,1.2156110044785668,0.002431222008957134,0.2159642212145632
158,restorativeness,2.1753039027511196,0.00435060780550224,0.28018041407597943
159,restorativeness,19.321817018554064,0.03864363403710813,0.26817439399493653
160,restorativeness,3.198976327575176,0.006397952655150352,0.26183289488555256
161,restorativeness,3.9027511196417146,0.007805502239283431,0.3004182917494913
162,restorativeness,1.599488163787588,0.003198976327575176,0.27788045860714283
163,restorativeness,0.7037747920665387,0.0014075495841330775,0.26044744359488214
164,restorativeness,1.3435700575815739,0.0026871401151631483,0.25513122045540193
165,restorativeness,20.34548944337812,0.04069097888675624,0.308374143010529
166,restorativeness,0.12795905310300704,0.0002559181062060141,0.22525528546472479
167,restorativeness,2.943058221369162,0.0058861164427383246,0.28790672430221725
168,restorativeness,1.4075495841330774,0.002815099168266155,0.21766621332379116
169,restorativeness,1.3435700575815739,0.002687140115163148,0.2473352380814315
170,restorativeness,0.7677543186180422,0.0015355086372360847,0.27902454479025446
171,restorativeness,0.5758157389635317,0.0011516314779270636,0.2746228160566941
172,restorativeness,2.111324376199616,0.004222648752399233,0.25946270641578484
173,restorativeness,0.3198976327575176,0.0006397952655150352,0.24032188842488142
174,restorativeness,1.2156110044785668,0.0024312220089571335,0.26644889712195974
175,restorativeness,2.1753039027511196,0.00435060780550224,0.2422327373346267
176,restorativeness,1.9193857965451053,0.003838771593090211,0.28545476792190694
177,restorativeness,2.111324376199616,0.004222648752399233,0.2466689884163689
178,restorativeness,0.6397952655150352,0.0012795905310300703,0.23034160445175458
179,restorativeness,0.2559181062060141,0.0005118362124120282,0.22043977652566923
180,restorativeness,1.471529110684581,0.002943058221369162,0.22249118404758708
181,restorativeness,18.809980806142036,0.037619961612284064,0.26408186633195757
182,restorativeness,1.2156110044785668,0.0024312220089571343,0.2674784446071262
183,restorativeness,18.55406269993602,0.037108125399872044,0.2610438296008308
184,restorativeness,0.7037747920665387,0.0014075495841330775,0.24975925297367382
185,restorativeness,1.0876519513755598,0.0021753039027511195,0.24990527985197422
186,restorativeness,1.2156110044785668,0.002431222008957134,0.22187139274428525
187,restorativeness,0.4478566858605247,0.0008957133717210495,0.21646429680061188
188,restorativeness,18.87396033269354,0.037747920665387076,0.2716836599695574
189,restorativeness,1.0876519513755598,0.0021753039027511195,0.24965555784966387
190,restorativeness,19.513755598208572,0.03902751119641715,0.24894884462574332
191,restorativeness,0.5118362124120281,0.0010236724248240564,0.25135431831650334
192,restorativeness,2.7511196417146513,0.005502239283429303,0.257709884706493
193,restorativeness,0.3838771593090211,0.0007677543186180424,0.2174988245856008
194,restorativeness,3.45489443378119,0.0069097888675623805,0.34419181076367267
195,restorativeness,2.3032629558541267,0.004606525911708254,0.23846166281923548
196,restorativeness,2.495201535508637,0.0049904030710172746,0.245640064672415
197,restorativeness,1.5355086372360844,0.0030710172744721695,0.22624209655105076
198,restorativeness,1.4075495841330774,0.002815099168266155,0.2677803571567133
199,restorativeness,0.8957133717210494,0.0017914267434420987,0.2988055688306988
0,nutrition,0.5758157389635317,0.0011516314779270631,0.5451026875996217
1,nutrition,0.8957133717210494,0.0017914267434420985,0.5705253497684495
2,nutrition,1.0236724248240563,0.0020473448496481127,0.5724271029876334
3,nutrition,0.7677543186180422,0.0015355086372360847,0.5590683695386219
4,nutrition,0.19193857965451055,0.000383877159309021,0.5115732507769901
5,nutrition,0.0,0.0,0.5023399123192358
6,nutrition,0.12795905310300704,0.00025591810620601403,0.5034702001457269
7,nutrition,0.9596928982725527,0.0019193857965451055,0.5871128255541503
8,nutrition,2.36724248240563,0.00473448496481126,0.6393467613133403
9,nutrition,1.4075495841330774,0.002815099168266155,0.5887206012219074
10,nutrition,0.9596928982725527,0.0019193857965451055,0.563302908486326
11,nutrition,1.0876519513755598,0.0021753039027511195,0.5765323878338353
12,nutrition,0.3198976327575176,0.0006397952655150351,0.5291184230715116
13,nutrition,1.3435700575815739,0.0026871401151631474,0.6417173407220855
14,nutrition,1.2795905310300704,0.0025591810620601407,0.6299479265300677
15,nutrition,0.0,0.0,0.5103647232623778
16,nutrition,1.3435700575815739,0.0026871401151631474,0.6408869230791743
17,nutrition,0.3198976327575176,0.0006397952655150352,0.5326084377615868
18,nutrition,0.9596928982725527,0.0019193857965451055,0.5948675866986839
19,nutrition,0.0,0.0,0.5084945109641739
20,nutrition,0.19193857965451055,0.000383877159309021,0.5196231021311377
21,nutrition,0.8957133717210494,0.0017914267434420985,0.5664407998989203
22,nutrition,0.12795905310300704,0.0002559181062060141,0.5225116776837023
23,nutrition,1.599488163787588,0.003198976327575176,0.6085193753273053
24,nutrition,1.983365323096609,0.003966730646193219,0.6202963169681281
25,nutrition,0.6397952655150352,0.0012795905310300703,0.5607516287288268
26,nutrition,0.0,0.0,0.5000857285625518
27,nutrition,0.12795905310300704,0.00025591810620601403,0.5033634911697876
28,nutrition,1.0876519513755598,0.0021753039027511195,0.5765664520149998
29,nutrition,1.0876519513755598,0.0021753039027511195,0.6062651721397129
30,nutrition,1.0876519513755598,0.0021753039027511195,0.574948952099956
31,nutrition,0.5758157389635317,0.0011516314779270631,0.5520658682067837
32,nutrition,0.0,0.0,0.508652950747204
33,nutrition,0.06397952655150352,0.00012795905310300702,0.5192057421868927
34,nutrition,0.3198976327575176,0.0006397952655150351,0.5255058198792368
35,nutrition,0.2559181062060141,0.0005118362124120281,0.5235034074987005
36,nutrition,0.8957133717210494,0.0017914267434420985,0.5698752119100196
37,nutrition,0.7677543186180422,0.0015355086372360847,0.5587232885728246
38,nutrition,1.1516314779270633,0.0023032629558541267,0.618113341366803
39,nutrition,1.3435700575815739,0.0026871401151631474,0.6511887588372877
40,nutrition,0.9596928982725527,0.0019193857965451055,0.570316142336715
41,nutrition,0.12795905310300704,0.0002559181062060141,0.5232011779959836
42,nutrition,0.5758157389635317,0.0011516314779270631,0.5527354348254674
43,nutrition,0.19193857965451055,0.000383877159309021,0.5129333218503
44,nutrition,0.0,0.0,0.5089708582313719
45,nutrition,0.5118362124120281,0.0010236724248240564,0.5422770274951138
46,nutrition,0.3198976327575176,0.0006397952655150352,0.5331424175934215
47,nutrition,0.5118362124120281,0.0010236724248240564,0.5397462984853838
48,nutrition,0.5758157389635317,0.0011516314779270631,0.5526988812032555
49,nutrition,0.0,0.0,0.5011891507859472
50,nutrition,0.8957133717210494,0.0017914267434420985,0.5690297161949126
51,nutrition,1.599488163787588,0.003198976327575176,0.7233253876171362
52,nutrition,0.6397952655150352,0.0012795905310300703,0.546832966663096
53,nutrition,0.6397952655150352,0.0012795905310300703,0.5496143699162452
54,nutrition,0.3198976327575176,0.0006397952655150352,0.5335218738805316
55,nutrition,0.8317338451695457,0.0016634676903390915,0.5648998126945457
56,nutrition,35.50863723608445,0.07114523352527191,0.7152298442296761
57,nutrition,1.7914267434420987,0.003582853486884197,0.6174687995318657
58,nutrition,1.2156110044785668,0.002431222008957134,0.5840508532299589
59,nutrition,0.19193857965451055,0.000383877159309021,0.5107461265460774
60,nutrition,0.06397952655150352,0.00012795905310300702,0.5217739425227504
61,nutrition,1.6634676903390915,0.0033269353806781826,0.6101663628693108
62,nutrition,0.06397952655150352,0.00012795905310300702,0.5190332305465017
63,nutrition,0.9596928982725527,0.0019193857965451055,0.5911280951519684
64,nutrition,0.8957133717210494,0.0017914267434420985,0.5734157883497104
65,nutrition,0.6397952655150352,0.0012795905310300703,0.5505750054840962
66,nutrition,0.12795905310300704,0.00025591810620601403,0.5084198862714815
67,nutrition,0.19193857965451055,0.000383877159309021,0.5103596074997314
68,nutrition,0.0,0.0,0.5060339244109388
69,nutrition,1.3435700575815739,0.0026871401151631474,0.6498821631503519
70,nutrition,0.0,0.0,0.5102571989718688
71,nutrition,0.4478566858605247,0.0008957133717210493,0.5372998937617917
72,nutrition,1.3435700575815739,0.0026871401151631474,0.6597886982462544
73,nutrition,0.5758157389635317,0.0011516314779270631,0.556630927896493
74,nutrition,0.8957133717210494,0.0017914267434420985,0.5658415509800838
75,nutrition,0.06397952655150352,0.00012795905310300702,0.5169275109366038
76,nutrition,0.3198976327575176,0.0006397952655150351,0.5268168020450562
77,nutrition,0.9596928982725527,0.0019193857965451055,0.5890364460799339
78,nutrition,1.4075495841330774,0.0028150991682661546,0.6945245831872868
79,nutrition,0.5758157389635317,0.0011516314779270631,0.5448723241447871
80,nutrition,0.9596928982725527,0.0019193857965451055,0.5948361358084744
81,nutrition,0.0,0.0,0.5116948299742093
82,nutrition,0.2559181062060141,0.0005118362124120283,0.5323331405797728
83,nutrition,0.0,0.0,0.5026703875538667
84,nutrition,0.12795905310300704,0.00025591810620601403,0.5069181111789256
85,nutrition,0.5758157389635317,0.0011516314779270631,0.5471901541860037
86,nutrition,0.5758157389635317,0.0011516314779270631,0.5501538947745432
87,nutrition,0.5118362124120281,0.0010236724248240564,0.5397613449499938
88,nutrition,0.3198976327575176,0.0006397952655150351,0.5291322572827748
89,nutrition,0.0,0.0,0.5093170336153645
90,nutrition,1.0236724248240563,0.0020473448496481127,0.5728565294931531
91,nutrition,0.3838771593090211,0.000767754318618042,0.5305757908728822
92,nutrition,0.7037747920665387,0.0014075495841330775,0.5540149862815573
93,nutrition,1.983365323096609,0.003966730646193219,0.6197630356856921
94,nutrition,0.8957133717210494,0.0017914267434420985,0.5701399013868871
95,nutrition,1.0236724248240563,0.0020473448496481123,0.6040649796132926
96,nutrition,0.0,0.0,0.5070992378683524
97,nutrition,0.3198976327575176,0.0006397952655150351,0.5288186686549637
98,nutrition,0.9596928982725527,0.0019193857965451055,0.5623232113972757
99,nutrition,0.7037747920665387,0.0014075495841330775,0.5543812415973356
100,nutrition,0.7037747920665387,0.0014075495841330775,0.5544665962384959
101,nutrition,0.12795905310300704,0.0002559181062060141,0.5228478923251051
102,nutrition,0.6397952655150352,0.0012795905310300703,0.5495927231657979
103,nutrition,0.8957133717210494,0.0017914267434420985,0.5835178946243145
104,nutrition,0.0,0.0,0.5005686278856866
105,nutrition,0.0,0.0,0.502364940681121
106,nutrition,0.06397952655150352,0.00012795905310300702,0.5027303103578777
107,nutrition,1.2156110044785668,0.0024312220089571335,0.6215660066573467
108,nutrition,0.5758157389635317,0.0011516314779270631,0.5501263088198188
109,nutrition,0.12795905310300704,0.00025591810620601403,0.5064506907299136
110,nutrition,0.19193857965451055,0.000383877159309021,0.519801083718492
111,nutrition,0.5758157389635317,0.0011516314779270631,0.5453590438730648
112,nutrition,0.3838771593090211,0.000767754318618042,0.5300634051228543
113,nutrition,0.8957133717210494,0.0017914267434420985,0.5701667030386607
114,nutrition,0.06397952655150352,0.00012795905310300702,0.5182463783296956
115,nutrition,0.3198976327575176,0.0006397952655150352,0.5343514539663727
116,nutrition,0.3198976327575176,0.0006397952655150352,0.5355750019045827
117,nutrition,1.1516314779270633,0.0023032629558541267,0.6143662423274087
118,nutrition,1.599488163787588,0.003198976327575176,0.6089423691316234
119,nutrition,1.6634676903390915,0.0033269353806781826,0.6106996590751593
120,nutrition,0.5118362124120281,0.0010236724248240564,0.5390039125848339
121,nutrition,0.06397952655150352,0.00012795905310300702,0.521857969487945
122,nutrition,0.9596928982725527,0.0019193857965451055,0.5687109278534641
123,nutrition,0.9596928982725527,0.0019193857965451055,0.5859743526004865
124,nutrition,1.1516314779270633,0.0023032629558541267,0.5787344302482249
125,nutrition,0.6397952655150352,0.0012795905310300703,0.54925766499971
126,nutrition,0.7037747920665387,0.0014075495841330775,0.5564237523328102
127,nutrition,0.5118362124120281,0.0010236724248240564,0.5392768976352096
128,nutrition,0.6397952655150352,0.0012795905310300703,0.5494915849068721
129,nutrition,0.8957133717210494,0.0017914267434420985,0.5771498833505064
130,nutrition,1.0236724248240563,0.0020473448496481127,0.5729239812696281
131,nutrition,1.3435700575815739,0.0026871401151631474,0.661365862323742
132,nutrition,0.06397952655150352,0.00012795905310300702,0.5173344658434921
133,nutrition,1.599488163787588,0.003198976327575176,0.6068936646392044
134,nutrition,0.7677543186180422,0.0015355086372360843,0.5637487482852884
135,nutrition,1.5355086372360844,0.003071017274472168,0.5977250503426763
136,nutrition,0.0,0.0,0.5129267623089773
137,nutrition,0.3198976327575176,0.0006397952655150352,0.5334908254822524
138,nutrition,1.5355086372360844,0.003071017274472168,0.6050771108050678
139,nutrition,1.3435700575815739,0.0026871401151631474,0.6456716229484961
140,nutrition,0.12795905310300704,0.0002559181062060141,0.5241302023763387
141,nutrition,0.3198976327575176,0.0006397952655150351,0.5289687214706525
142,nutrition,0.6397952655150352,0.0012795905310300703,0.5450003293993564
143,nutrition,1.0876519513755598,0.0021753039027511195,0.6050436454263429
144,nutrition,0.3198976327575176,0.0006397952655150351,0.5280013404603302
145,nutrition,0.12795905310300704,0.00025591810620601403,0.5033542577754752
146,nutrition,0.8957133717210494,0.0017914267434420985,0.5752424214881887
147,nutrition,0.12795905310300704,0.00025591810620601403,0.5035859433748134
148,nutrition,0.19193857965451055,0.000383877159309021,0.511934653538035
149,nutrition,0.7037747920665387,0.0014075495841330775,0.5547428907227397
150,nutrition,0.19193857965451055,0.000383877159309021,0.510135406301181
151,nutrition,0.6397952655150352,0.0012795905310300703,0.5607964507776508
152,nutrition,0.5118362124120281,0.0010236724248240564,0.539312208147335
153,nutrition,0.8957133717210494,0.0017914267434420985,0.5804540225230985
154,nutrition,0.6397952655150352,0.0012795905310300703,0.5602388868316295
155,nutrition,0.0,0.0,0.5122270204089783
156,nutrition,0.19193857965451055,0.000383877159309021,0.5129144994408371
157,nutrition,0.12795905310300704,0.00025591810620601403,0.5067167228522076
158,nutrition,2.0473448496481126,0.004094689699296225,0.6223802356587793
159,nutrition,0.0,0.0,0.5009597296823223
160,nutrition,0.2559181062060141,0.0005118362124120281,0.5231437323268874
161,nutrition,0.8957133717210494,0.0017914267434420985,0.5762932389734287
162,nutrition,1.983365323096609,0.003966730646193219,0.6210845550616221
163,nutrition,2.111324376199616,0.004222648752399232,0.624953643849667
164,nutrition,0.19193857965451055,0.000383877159309021,0.5152073754771348
165,nutrition,0.12795905310300704,0.0002559181062060141,0.5251810390630435
166,nutrition,0.2559181062060141,0.0005118362124120283,0.5313780919144464
167,nutrition,0.9596928982725527,0.0019193857965451055,0.5869134866225368
168,nutrition,1.4075495841330774,0.002815099168266155,0.5899283187840151
169,nutrition,0.9596928982725527,0.0019193857965451055,0.585575900661545
170,nutrition,0.06397952655150352,0.00012795905310300702,0.5028320998175219
171,nutrition,0.3838771593090211,0.000767754318618042,0.5297092369100994
172,nutrition,0.8957133717210494,0.0017914267434420985,0.5778232129293511
173,nutrition,0.8317338451695457,0.0016634676903390915,0.5597773602196863
174,nutrition,0.9596928982725527,0.0019193857965451055,0.5631367293569903
175,nutrition,1.2156110044785668,0.0024312220089571335,0.6268596529759333
176,nutrition,0.5758157389635317,0.0011516314779270631,0.5481251869779569
177,nutrition,0.6397952655150352,0.0012795905310300703,0.5425124703709947
178,nutrition,1.0236724248240563,0.0020473448496481127,0.5718431073563062
179,nutrition,0.06397952655150352,0.00012795905310300702,0.5011990437353686
180,nutrition,0.5758157389635317,0.0011516314779270631,0.5570201617849058
181,nutrition,1.983365323096609,0.003966730646193219,0.620347915213665
182,nutrition,35.31669865642994,0.07076135636596288,0.6860371761408967
183,nutrition,0.7037747920665387,0.0014075495841330775,0.5561172870426285
184,nutrition,0.2559181062060141,0.0005118362124120281,0.5214473110144626
185,nutrition,1.5355086372360844,0.003071017274472168,0.599233662273973
186,nutrition,1.2156110044785668,0.002431222008957134,0.583247211520321
187,nutrition,0.9596928982725527,0.0019193857965451055,0.5635800505088321
188,nutrition,0.12795905310300704,0.0002559181062060141,0.5239284018589936
189,nutrition,0.12795905310300704,0.0002559181062060141,0.5261327493949356
190,nutrition,1.2156110044785668,0.002431222008957134,0.5830002500167452
191,nutrition,0.5758157389635317,0.0011516314779270631,0.5457890028405181
192,nutrition,35.06078055022393,0.07024952015355088,0.662592449620771
193,nutrition,2.3032629558541267,0.004606525911708253,0.6337024587811679
194,nutrition,1.4075495841330774,0.0028150991682661546,0.6838777532441399
195,nutrition,0.8957133717210494,0.0017914267434420985,0.5809787602330604
196,nutrition,0.0,0.0,0.5075184363016456
197,nutrition,1.0876519513755598,0.0021753039027511195,0.5760957938506635
198,nutrition,0.9596928982725527,0.0019193857965451055,0.5921240334182298
199,nutrition,0.9596928982725527,0.0019193857965451055,0.5672891498860881
0,care,1.0876519513755598,0.0021753039027511195,0.2810520518702217
1,care,2.6231605886116443,0.005246321177223289,0.2688825044034766
2,care,1.5355086372360844,0.0030710172744721695,0.2843438140879309
3,care,61.29238643634037,0.12603966730646193,0.35031355335137015
4,care,2.239283429302623,0.004478566858605247,0.2720594850505863
5,care,14.90722968650032,0.029814459373000646,0.3232060208051689
6,care,6.206014075495841,0.012412028150991685,0.30122573605543046
7,care,8.509277031349969,0.01701855406269994,0.2924403698023564
8,care,1.7914267434420987,0.0035828534868841974,0.28001499566854754
9,care,6.269993602047346,0.01253998720409469,0.28936088226168527
10,care,15.930902111324377,0.03186180422264876,0.3215809350380972
11,care,3.7108125399872045,0.00742162507997441,0.3057529144176356
12,care,4.158669225847729,0.00831733845169546,0.3016236194430499
13,care,8.957133717210493,0.01791426743442099,0.2782725553551767
14,care,9.916826615483046,0.019833653230966093,0.3037965451893128
15,care,14.71529110684581,0.02943058221369162,0.32111524535227864
16,care,4.030710172744722,0.008061420345489446,0.3200665079878866
17,care,16.698656429942417,0.033397312859884835,0.35379935757338776
18,care,5.694177863083813,0.011388355726167629,0.36504521124074074
19,care,0.5118362124120281,0.0010236724248240564,0.2709375547582127
20,care,6.90978886756238,0.013819577735124763,0.32097099963143694
21,care,11.516314779270633,0.02303262955854127,0.31118250105086964
22,care,4.286628278950736,0.008573256557901473,0.3520811447521744
23,care,1.1516314779270633,0.0023032629558541262,0.2698262403871003
24,care,5.886116442738324,0.011772232885476649,0.34443416518219283
25,care,2.815099168266155,0.00563019833653231,0.28686796158632
26,care,6.078055022392834,0.012156110044785671,0.2767092909753094
27,care,1.4075495841330774,0.0028150991682661546,0.27559389802242734
28,care,2.7511196417146513,0.005502239283429303,0.2758508693375684
29,care,1.983365323096609,0.003966730646193219,0.28848958731952673
30,care,1.599488163787588,0.0031989763275751754,0.3251937052222103
31,care,6.90978886756238,0.013819577735124761,0.3059111349890601
32,care,0.9596928982725527,0.0019193857965451053,0.2857095686832788
33,care,8.893154190658988,0.01778630838131798,0.2925389875349777
34,care,3.3909149072296865,0.006781829814459374,0.28192820320479506
35,care,5.1183621241202815,0.010236724248240563,0.295227332904032
36,care,1.5355086372360844,0.0030710172744721686,0.3471440834995314
37,care,6.973768394113884,0.01394753678822777,0.31685906886772475
38,care,12.412028150991683,0.02482405630198337,0.30878496108798015
39,care,3.8387715930902107,0.007677543186180425,0.28191797514282924
40,care,3.0070377479206654,0.006014075495841331,0.3033017051361586
41,care,5.310300703774792,0.010620601407549585,0.3025098342731847
42,care,3.0070377479206654,0.006014075495841331,0.30983849767361193
43,care,3.45489443378119,0.006909788867562383,0.2821423953166526
44,care,1.983365323096609,0.003966730646193219,0.2952129200818786
45,care,0.6397952655150352,0.0012795905310300703,0.286416443305471
46,care,3.966730646193218,0.007933461292386437,0.2861011167966463
47,care,6.8458093410108765,0.013691618682021756,0.2968381488506329
48,care,4.414587332053743,0.008829174664107486,0.28531372985628983
49,care,1.3435700575815739,0.0026871401151631483,0.2799785940478696
50,care,6.397952655150352,0.012795905310300707,0.33402229042384085
51,care,3.262955854126679,0.006525911708253358,0.40579373010998127
52,care,16.314779270633398,0.032629558541266805,0.3943299826281726
53,care,2.6871401151631478,0.005374280230326297,0.2762872269527297
54,care,12.795905310300704,0.025591810620601407,0.3171760476869725
55,care,7.933461292386436,0.015866922584772875,0.3075117820064553
56,care,5.1183621241202815,0.010236724248240563,0.28410221086478343
57,care,2.943058221369162,0.0058861164427383246,0.27376973203596394
58,care,1.5355086372360844,0.0030710172744721686,0.3112355407229239
59,care,12.987843889955213,0.025975687779910436,0.30994344138292235
60,care,1.2156110044785668,0.0024312220089571343,0.2815424038308955
61,care,20.153550863723606,0.04030710172744722,0.3396031092679958
62,care,4.606525911708253,0.009213051823416508,0.2840678528101238
63,care,12.987843889955213,0.025975687779910436,0.312975645103287
64,care,5.950095969289827,0.011900191938579656,0.2907972511317339
65,care,1.4075495841330774,0.002815099168266155,0.3141667770764131
66,care,6.525911708253358,0.013051823416506719,0.2863145935592254
67,care,62.76391554702495,0.13026231605886118,0.36673359701543684
68,care,4.222648752399232,0.008445297504798466,0.27865098780579334
69,care,0.06397952655150352,0.00012795905310300707,0.28700617175203186
70,care,1.9193857965451053,0.0038387715930902123,0.26625500793399876
71,care,4.094689699296225,0.008189379398592453,0.2810294462069284
72,care,9.532949456174023,0.019065898912348053,0.3027812349542398
73,care,7.485604606525912,0.014971209213051827,0.2855275600363503
74,care,13.179782469609725,0.02635956493921945,0.3848372964622223
75,care,0.5758157389635317,0.0011516314779270633,0.2521135475342241
76,care,63.275751759436986,0.13166986564299424,0.37262309128913057
77,care,11.964171465131159,0.02392834293026232,0.3114267318859072
78,care,14.459373000639793,0.028918746001279593,0.32016572556229256
79,care,5.3742802303262955,0.010748560460652593,0.2755751035145149
80,care,4.990403071017274,0.00998080614203455,0.3464810457336779
81,care,63.659628918746,0.1328214971209213,0.3773070847500611
82,care,3.966730646193218,0.007933461292386437,0.3665268132095853
83,care,7.357645553422905,0.014715291106845814,0.34224596449695527
84,care,1.727447216890595,0.00345489443378119,0.2776390961082204
85,care,4.670505438259757,0.009341010876519515,0.2960213007842292
86,care,2.7511196417146513,0.005502239283429303,0.35016269036856157
87,care,7.805502239283429,0.015611004478566863,0.35687357183902363
88,care,65.25911708253359,0.13768394113883559,0.39742423687028167
89,care,3.326935380678183,0.006653870761356367,0.29243420303411555
90,care,9.596928982725528,0.01919385796545106,0.30506131076654663
91,care,0.8957133717210494,0.0017914267434420985,0.36549107345299425
92,care,13.24376199616123,0.02648752399232246,0.3071205123273013
93,care,7.677543186180421,0.01535508637236085,0.2751767110640773
94,care,2.0473448496481126,0.004094689699296225,0.28046625115316853
95,care,6.397952655150352,0.012795905310300703,0.31408481178464603
96,care,7.229686500319897,0.0144593730006398,0.3285767968427729
97,care,8.573256557901471,0.017146513115802946,0.32548903967179454
98,care,10.236724248240563,0.020473448496481132,0.2976340504228722
99,care,2.239283429302623,0.0044785668586052475,0.3038400584693163
100,care,1.3435700575815739,0.0026871401151631483,0.2763459845502491
101,care,5.438259756877799,0.0108765195137556,0.3416713824415618
102,care,1.9193857965451053,0.0038387715930902123,0.2552304011569044
103,care,1.3435700575815739,0.002687140115163148,0.3023103245808212
104,care,5.694177863083813,0.011388355726167627,0.3224007267190715
105,care,5.694177863083813,0.011388355726167627,0.29302914781935235
106,care,6.973768394113884,0.01394753678822777,0.2897059122006185
107,care,3.7108125399872045,0.007421625079974409,0.28196557869301053
108,care,6.142034548944338,0.012284069097888678,0.3027469810444884
109,care,4.414587332053743,0.008829174664107486,0.30883979799652317
110,care,10.17274472168906,0.02034548944337812,0.3602754374055571
111,care,3.7747920665387076,0.007549584133077417,0.32134713743954474
112,care,9.0850927703135,0.018170185540627003,0.30356470329027624
113,care,6.973768394113884,0.01394753678822777,0.28569341283912336
114,care,3.7108125399872045,0.007421625079974409,0.26641136712788865
115,care,4.222648752399232,0.008445297504798466,0.28262908279772136
116,care,2.111324376199616,0.004222648752399232,0.3316401665293426
117,care,3.9027511196417146,0.007805502239283431,0.2735495185148876
118,care,8.061420345489443,0.01612284069097889,0.28392523447527723
119,care,14.39539347408829,0.028790786948176585,0.31827658056267316
120,care,61.42034548944337,0.12642354446577098,0.35399110963543867
121,care,2.815099168266155,0.00563019833653231,0.2727412886144359
122,care,4.286628278950736,0.008573256557901473,0.302464574269171
123,care,1.5355086372360844,0.0030710172744721695,0.2814440383687932
124,care,4.286628278950736,0.008573256557901473,0.28550703011007816
125,care,5.310300703774792,0.010620601407549585,0.2853530307603858
126,care,9.149072296865004,0.01829814459373001,0.3214454070913461
127,care,11.64427383237364,0.023288547664747285,0.3269859039501707
128,care,6.525911708253358,0.013051823416506719,0.3333603558652368
129,care,8.957133717210493,0.01791426743442099,0.2944558908937269
130,care,8.18937939859245,0.016378758797184905,0.32604300541102593
131,care,1.9193857965451053,0.0038387715930902123,0.2656866957301165
132,care,5.566218809980806,0.011132437619961614,0.2737700720211555
133,care,9.149072296865004,0.01829814459373001,0.3144939934960911
134,care,0.4478566858605247,0.0008957133717210493,0.2623905365773901
135,care,10.428662827895073,0.020857325655790154,0.3393393943561499
136,care,1.0236724248240563,0.0020473448496481127,0.31102376115215874
137,care,5.950095969289827,0.011900191938579656,0.27893670937082105
138,care,4.094689699296225,0.00818937939859245,0.35220083437085775
139,care,11.83621241202815,0.023672424824056303,0.3065745332948296
140,care,8.829174664107486,0.017658349328214973,0.29334857202198256
141,care,13.115802943058222,0.026231605886116446,0.32294961676289985
142,care,9.27703134996801,0.018554062699936025,0.2917870064268901
143,care,6.269993602047346,0.012539987204094693,0.31685296657328377
144,care,4.030710172744722,0.008061420345489444,0.2749606882815051
145,care,0.2559181062060141,0.0005118362124120281,0.28254973041924986
146,care,1.4075495841330774,0.002815099168266155,0.3047065510166524
147,care,4.670505438259757,0.009341010876519517,0.2829737657056756
148,care,0.9596928982725527,0.0019193857965451061,0.28795774602311397
149,care,8.445297504798464,0.016890595009596932,0.27685268888862485
150,care,12.667946257197697,0.0253358925143954,0.36392634737411955
151,care,0.9596928982725527,0.0019193857965451055,0.29824269103449885
152,care,12.220089571337173,0.024440179142674347,0.29606309651073714
153,care,3.134996801023673,0.006269993602047345,0.27926151528031645
154,care,6.653870761356366,0.013307741522712734,0.2876389554986604
155,care,5.2463211772232885,0.010492642354446581,0.3041534975957611
156,care,13.563659628918746,0.027127319257837495,0.35060078977900333
157,care,2.495201535508637,0.004990403071017275,0.3028260801150709
158,care,10.300703774792067,0.020601407549584134,0.29275905345925446
159,care,6.269993602047346,0.01253998720409469,0.3308800325540121
160,care,10.17274472168906,0.02034548944337812,0.3088134716254081
161,care,1.727447216890595,0.0034548944337811902,0.3371176428450542
162,care,8.957133717210493,0.017914267434420986,0.3092426835934377
163,care,3.8387715930902107,0.007677543186180424,0.29139635188386265
164,care,23.09660908509277,0.04619321817018554,0.34918568803508826
165,care,1.727447216890595,0.0034548944337811907,0.2809059077021471
166,care,8.893154190658988,0.017786308381317985,0.34409100448604085
167,care,4.286628278950736,0.008573256557901473,0.32599972237376873
168,care,5.310300703774792,0.010620601407549585,0.2870836564016651
169,care,3.8387715930902107,0.007677543186180425,0.2769886814436997
170,care,0.7037747920665387,0.0014075495841330769,0.3222630648103331
171,care,19.385796545105567,0.03877159309021113,0.3390060830903224
172,care,9.213051823416507,0.018426103646833017,0.29445908910606755
173,care,62.25207933461292,0.1288547664747281,0.36029396332705355
174,care,61.35636596289188,0.12616762635956494,0.3514205825508198
175,care,4.286628278950736,0.008573256557901471,0.28254815599057365
176,care,9.404990403071018,0.01880998080614204,0.2889017604706808
177,care,9.27703134996801,0.018554062699936022,0.31496049615350175
178,care,4.73448496481126,0.009468969929622522,0.3352011380648627
179,care,11.388355726167626,0.022776711452335254,0.3344850174623095
180,care,10.812539987204095,0.021625079974408195,0.2841633361922292
181,care,5.3742802303262955,0.010748560460652593,0.273538614712634
182,care,1.1516314779270633,0.002303262955854127,0.27591897144890887
183,care,5.502239283429303,0.011004478566858607,0.31700306155683355
184,care,7.549584133077415,0.015099168266154834,0.28048070387714613
185,care,7.805502239283429,0.015611004478566863,0.2917185853276029
186,care,11.26039667306462,0.02252079334612924,0.3071071237490691
187,care,1.0236724248240563,0.0020473448496481127,0.29332194512768334
188,care,0.12795905310300704,0.0002559181062060141,0.3251379150369528
189,care,0.9596928982725527,0.0019193857965451055,0.3063275164344053
190,care,4.158669225847729,0.00831733845169546,0.27308519148004073
191,care,8.509277031349969,0.01701855406269994,0.34900811435973544
192,care,9.660908509277032,0.019321817018554066,0.30240593112177294
193,care,2.7511196417146513,0.005502239283429303,0.3590856380621103
194,care,3.5188739603326935,0.007037747920665387,0.339916744877699
195,care,7.293666026871401,0.014587332053742805,0.27196587017714136
196,care,4.414587332053743,0.008829174664107486,0.3174790305432999
197,care,2.7511196417146513,0.005502239283429303,0.2996433756403788
198,care,9.532949456174023,0.019065898912348053,0.3009509024398149
199,care,4.030710172744722,0.008061420345489444,0.3286517993205229
