hex_id,node_id,grid_mean_restorativeness,grid_mean_nutrition,grid_mean_care
H0001_0047,10174708518,0.5,0.1,0.3
H0001_0048,10174676216,0.5,0.1,0.3
H0001_0049,10174708588,0.5,0.1,0.3
H0002_0046,10174708523,0.5,0.1,0.3
H0002_0047,10174708582,0.5,0.1,0.3
H0003_0045,10174708580,0.5,0.1,0.3
H0004_0003,5974229366,0.5,0.1,0.3
H0004_0045,10174708525,0.5,0.1,0.3
H0005_0002,5974229364,0.5,0.1,0.3
H0005_0003,5974229346,0.5,0.1,0.3
H0005_0044,10174708577,0.5,0.1,0.3
H0006_0044,10174708529,0.5,0.1,0.3
H0006_0052,3763305805,0.5,0.1,0.3
H0007_0002,5974229362,0.5,0.1,0.3
H0007_0009,6372602414,0.5,0.1,0.3
H0007_0043,10174708532,0.5,0.1,0.3
H0007_0044,12647719175,0.5,0.1,0.3
H0007_0051,3763305797,0.5,0.1,0.3
H0008_0001,355011067,0.5,0.1,0.3
H0008_0002,291585468,0.5,0.1,0.3
H0008_0003,5974229361,0.5,0.1,0.3
H0008_0008,6372602415,0.5,0.1,0.3
H0008_0009,13531702855,0.5,0.1,0.3
H0008_0030,11570721023,0.3,0.1,0.3
H0008_0043,10174708534,0.5,0.1,0.3
H0008_0046,12647719174,0.5,0.1,0.3
H0008_0049,3763309373,0.5,0.1,0.3
H0008_0050,3763309379,0.5,0.1,0.3
H0008_0051,3763305798,0.3,0.1,0.3
H0009_0002,291582989,0.5,0.1,0.3
H0009_0003,5974229359,0.5,0.1,0.3
H0009_0004,5974229358,0.5,0.1,0.3
H0009_0006,5974229351,0.5,0.1,0.3
H0009_0007,6372602417,0.5,0.1,0.3
H0009_0008,13531702857,0.5,0.1,0.3
H0009_0009,10174676201,0.5,0.1,0.3
H0009_0010,10174676208,0.5,0.1,0.3
H0009_0011,10174676211,0.5,0.1,0.3
H0009_0027,11570721037,0.3,0.1,0.3
H0009_0029,11570721025,0.3,0.1,0.3
H0009_0043,10174708535,0.5,0.1,0.3
H0009_0045,12647719174,0.5,0.1,0.3
H0009_0047,3763305790,0.5,0.1,0.3
H0009_0048,3763309367,0.5,0.1,0.3
H0009_0049,3763309376,0.5,0.1,0.3
H0010_0004,5972718215,0.5,0.1,0.3
H0010_0005,5974229356,0.5,0.1,0.3
H0010_0006,11573383967,0.5,0.1,0.3
H0010_0007,6372602420,0.5,0.1,0.3
H0010_0008,10174676187,0.5,0.1,0.3
H0010_0009,10174676192,0.5,0.1,0.3
H0010_0010,13305165223,0.5,0.1,0.3
H0010_0011,10174676212,0.5,0.1,0.3
H0010_0021,12747733868,0.5,0.1,0.3
H0010_0028,11570721036,0.3,0.1,0.3
H0010_0029,11570721027,0.3,0.1,0.3
H0010_0030,12647719266,0.3,0.1,0.3
H0010_0031,12647719265,0.3,0.1,0.3
H0010_0041,10174708624,0.5,0.1,0.3
H0010_0043,10174708536,0.5,0.1,0.3
H0010_0047,3763309353,0.5,0.1,0.3
H0010_0048,3763309355,0.5,0.1,0.3
H0011_0005,11573383984,0.5,0.1,0.3
H0011_0006,11573383997,0.5,0.1,0.3
H0011_0007,13266798292,0.5,0.1,0.3
H0011_0019,12747733875,0.5,0.1,0.3
H0011_0020,12747733871,0.5,0.1,0.3
H0011_0022,12731780283,0.5,0.1,0.3
H0011_0027,11570721034,0.3,0.1,0.3
H0011_0028,11570721029,0.3,0.1,0.3
H0011_0031,12647719263,0.3,0.1,0.3
H0011_0032,12647719262,0.3,0.1,0.3
H0011_0033,12647719261,0.5,0.1,0.3
H0011_0040,10174708620,0.5,0.1,0.3
H0011_0042,10174708537,0.5,0.1,0.3
H0011_0043,10174708568,0.5,0.1,0.3
H0011_0046,3763309348,0.5,0.1,0.3
H0012_0007,13333585760,0.5,0.1,0.3
H0012_0008,10174676167,0.5,0.1,0.3
H0012_0019,12747733879,0.3,0.1,0.3
H0012_0023,12731780281,0.3,0.1,0.3
H0012_0034,12647719259,0.5,0.1,0.3
H0012_0038,13810501988,0.5,0.1,0.3
H0012_0043,10174708566,0.5,0.1,0.3
H0012_0045,3763309342,0.5,0.1,0.3
H0012_0046,3763309344,0.5,0.1,0.3
H0013_0007,291584378,0.5,0.1,0.3
H0013_0008,10174676168,0.5,0.1,0.3
H0013_0009,10174676170,0.5,0.1,0.3
H0013_0010,13333594610,0.5,0.1,0.3
H0013_0018,12747733881,0.3,0.1,0.3
H0013_0023,12731780280,0.3,0.1,0.3
H0013_0036,12647719354,0.5,0.1,0.3
H0013_0037,13192125265,0.5,0.1,0.3
H0013_0040,10174708761,0.5,0.1,0.3
H0013_0042,10174708540,0.5,0.1,0.3
H0013_0043,10174708602,0.5,0.1,0.3
H0013_0044,3763309339,0.5,0.1,0.3
H0014_0009,9628975662,0.5,0.1,0.3
H0014_0010,10174676178,0.5,0.1,0.3
H0014_0019,12747733882,0.3,0.1,0.3
H0014_0024,12731780279,0.3,0.1,0.3
H0014_0036,12731729035,0.5,0.1,0.3
H0014_0037,12773100949,0.5,0.1,0.3
H0014_0041,10174708764,0.5,0.1,0.3
H0014_0043,10174708544,0.5,0.1,0.3
H0014_0044,3763309333,0.5,0.1,0.3
H0015_0010,291584812,0.5,0.1,0.3
H0015_0024,12731780278,0.3,0.1,0.3
H0015_0034,12731729031,0.5,0.1,0.3
H0015_0035,12731729033,0.5,0.1,0.3
H0015_0036,12647719356,0.5,0.1,0.3
H0015_0043,3763309259,0.5,0.1,0.3
H0016_0012,11013707589,0.3,0.1,0.3
H0016_0025,12731780277,0.3,0.1,0.3
H0016_0033,12731729028,0.5,0.1,0.3
H0016_0034,12731729030,0.5,0.1,0.3
H0016_0036,309853615,0.5,0.1,0.3
H0016_0037,13192135506,0.5,0.1,0.3
H0016_0042,10174708782,0.5,0.1,0.3
H0016_0043,3763305846,0.5,0.1,0.3
H0017_0012,11013707580,0.3,0.1,0.3
H0017_0025,12731780276,0.3,0.1,0.3
H0017_0026,12731780275,0.3,0.1,0.3
H0017_0030,12731728970,0.3,0.1,0.3
H0017_0031,12731728977,0.3,0.1,0.3
H0017_0032,12731728994,0.3,0.1,0.3
H0017_0033,12731729018,0.3,0.1,0.3
H0017_0035,309853613,0.5,0.1,0.3
H0017_0036,13192135516,0.3,0.1,0.3
H0017_0042,10174708783,0.5,0.1,0.3
H0018_0014,11013707572,0.3,0.1,0.3
H0018_0026,12731780275,0.3,0.1,0.3
H0018_0027,12731780274,0.3,0.1,0.3
H0018_0030,12731728812,0.3,0.1,0.3
H0018_0031,12731728805,0.3,0.1,0.3
H0018_0032,12731719295,0.3,0.1,0.3
H0018_0033,12731729007,0.3,0.1,0.3
H0018_0036,10174708672,0.5,0.1,0.3
H0018_0042,10174708785,0.5,0.1,0.3
H0018_0043,3763305841,0.5,0.1,0.3
H0019_0014,11013707570,0.3,0.1,0.3
H0019_0026,12731780273,0.3,0.1,0.3
H0019_0027,12731780272,0.3,0.1,0.3
H0019_0029,12731728813,0.3,0.1,0.3
H0019_0030,12731728812,0.3,0.1,0.3
H0019_0032,12731719284,0.3,0.1,0.3
H0019_0033,12731719283,0.3,0.1,0.3
H0019_0035,12773100956,0.5,0.1,0.3
H0019_0041,10174708786,0.5,0.1,0.3
H0019_0042,3763309322,0.5,0.1,0.3
H0020_0015,11013707567,0.3,0.1,0.3
H0020_0016,11013707566,0.3,0.1,0.3
H0020_0027,12731780272,0.3,0.1,0.3
H0020_0028,12731780271,0.3,0.1,0.3
H0020_0029,12731728816,0.3,0.1,0.3
H0020_0034,12731719282,0.3,0.1,0.3
H0020_0035,13479573156,0.5,0.1,0.3
H0020_0036,12648436039,0.3,0.1,0.3
H0020_0042,3763309314,0.5,0.1,0.3
H0021_0016,11013707543,0.3,0.1,0.3
H0021_0017,11013707542,0.3,0.1,0.3
H0021_0027,12731780270,0.3,0.1,0.3
H0021_0028,12731780266,0.3,0.1,0.3
H0021_0029,12731728818,0.3,0.1,0.3
H0021_0033,12731719277,0.3,0.1,0.3
H0021_0034,309853247,0.5,0.1,0.3
H0021_0035,10174708679,0.3,0.1,0.3
H0021_0041,10174708788,0.5,0.1,0.3
H0022_0017,11013707538,0.3,0.1,0.3
H0022_0018,291584384,0.3,0.1,0.3
H0022_0029,12731780259,0.3,0.1,0.3
H0022_0030,12731728823,0.3,0.1,0.3
H0022_0032,1656878955,0.3,0.1,0.3
H0022_0033,13479573166,0.3,0.1,0.3
H0022_0034,1656879008,0.5,0.1,0.3
H0022_0035,309853032,0.5,0.1,0.3
H0022_0036,309853211,0.5,0.1,0.3
H0022_0037,10174708682,0.5,0.1,0.3
H0022_0041,10174708791,0.5,0.1,0.3
H0022_0042,3763309301,0.5,0.1,0.3
H0023_0018,11013707534,0.3,0.1,0.3
H0023_0019,11013707527,0.3,0.1,0.3
H0023_0028,291584394,0.3,0.1,0.3
H0023_0029,6328984486,0.3,0.1,0.3
H0023_0030,291584395,0.3,0.1,0.3
H0023_0032,11061413899,0.3,0.1,0.3
H0023_0033,9602657046,0.5,0.1,0.3
H0023_0034,12644019272,0.3,0.1,0.3
H0023_0035,12644019265,0.5,0.1,0.3
H0023_0036,13479573162,0.5,0.1,0.3
H0023_0037,10174708684,0.5,0.1,0.3
H0023_0040,10174708794,0.3,0.1,0.3
H0023_0041,3763309289,0.3,0.1,0.1
H0024_0020,6328984493,0.3,0.1,0.3
H0024_0021,6328984495,0.3,0.1,0.3
H0024_0024,291927310,0.3,0.1,0.3
H0024_0025,291927192,0.3,0.1,0.3
H0024_0026,291585357,0.3,0.1,0.3
H0024_0032,11432906145,0.3,0.1,0.3
H0024_0033,11061419907,0.3,0.1,0.3
H0024_0036,12644019263,0.5,0.1,0.3
H0024_0037,6775526314,0.5,0.1,0.3
H0024_0038,10174708814,0.5,0.1,0.3
H0024_0040,10174708711,0.3,0.1,0.1
H0024_0041,3763309286,0.3,0.1,0.1
H0025_0020,12628688065,0.3,0.1,0.3
H0025_0021,309852361,0.3,0.1,0.3
H0025_0022,309852363,0.3,0.1,0.3
H0025_0023,291950057,0.3,0.1,0.3
H0025_0028,13305165253,0.3,0.1,0.3
H0025_0032,11432906142,0.3,0.1,0.3
H0025_0036,4668278674,0.3,0.1,0.3
H0025_0037,291584412,0.3,0.1,0.3
H0025_0038,10174708808,0.5,0.1,0.3
H0025_0039,10174708707,0.3,0.1,0.1
H0025_0040,3763309281,0.3,0.1,0.1
H0026_0020,10764575165,0.3,0.1,0.3
H0026_0021,10764575154,0.3,0.1,0.3
H0026_0022,1515277205,0.3,0.1,0.3
H0026_0028,13305165252,0.3,0.1,0.3
H0026_0031,11432906135,0.3,0.1,0.3
H0026_0032,11432906138,0.3,0.1,0.3
H0026_0036,4668278663,0.3,0.1,0.3
H0026_0037,6775526307,0.5,0.1,0.3
H0026_0038,9248011848,0.3,0.1,0.3
H0026_0039,3763305834,0.3,0.1,0.1
H0027_0020,10764575156,0.3,0.1,0.3
H0027_0021,1515277205,0.3,0.1,0.3
H0027_0022,1515277209,0.3,0.1,0.3
H0027_0028,12731729083,0.3,0.1,0.3
H0027_0032,11061419908,0.3,0.1,0.3
H0027_0035,10174708836,0.3,0.1,0.3
H0027_0036,4668278668,0.3,0.1,0.3
H0027_0037,12644019281,0.3,0.1,0.3
H0027_0038,9248007099,0.5,0.1,0.3
H0027_0039,3763305822,0.3,0.1,0.1
H0028_0023,1515277210,0.3,0.1,0.3
H0028_0025,13305165249,0.3,0.1,0.3
H0028_0030,10864590116,0.3,0.1,0.3
H0028_0036,10174708847,0.5,0.1,0.3
H0028_0037,4668279609,0.3,0.1,0.3
H0028_0038,6328984371,0.5,0.1,0.3
H0028_0040,3763305791,0.3,0.1,0.1
H0029_0023,10764575135,0.3,0.1,0.3
H0029_0024,13556042699,0.3,0.1,0.3
H0029_0025,13305165239,0.3,0.1,0.3
H0029_0026,12731729082,0.3,0.1,0.3
H0029_0029,13305165255,0.3,0.1,0.3
H0029_0030,12731729074,0.3,0.1,0.3
H0029_0035,13479352079,0.5,0.1,0.3
H0029_0036,6775487582,0.5,0.1,0.3
H0029_0037,4668279630,0.5,0.1,0.3
H0029_0038,291927385,0.5,0.1,0.3
H0029_0039,9248011886,0.5,0.1,0.3
H0029_0040,3763309390,0.3,0.1,0.1
H0030_0024,13556103286,0.3,0.1,0.3
H0030_0025,10764575126,0.3,0.1,0.3
H0030_0031,12731729072,0.3,0.1,0.3
H0030_0036,9602633511,0.5,0.1,0.3
H0030_0037,1733234018,0.5,0.1,0.3
H0030_0038,1554374648,0.5,0.1,0.3
H0030_0039,1733259455,0.5,0.1,0.3
H0030_0040,9248011935,0.3,0.1,0.1
H0030_0041,3763309316,0.3,0.1,0.1
H0031_0024,10764575130,0.3,0.1,0.3
H0031_0025,13556103276,0.3,0.1,0.3
H0031_0035,1733234004,0.5,0.1,0.3
H0031_0036,10974835724,0.5,0.1,0.3
H0031_0038,4668279656,0.5,0.1,0.3
H0031_0039,2624681386,0.5,0.1,0.3
H0031_0040,9248011945,0.5,0.1,0.3
H0031_0041,3763309300,0.3,0.1,0.1
H0032_0024,11061413832,0.3,0.1,0.3
H0032_0025,13042739813,0.3,0.1,0.3
H0032_0026,1515278363,0.3,0.1,0.3
H0032_0035,13479352119,0.5,0.1,0.3
H0032_0036,1554374565,0.5,0.1,0.3
H0032_0038,1554374611,0.5,0.1,0.3
H0032_0039,291927260,0.5,0.1,0.3
H0032_0040,1733259450,0.5,0.1,0.3
H0032_0041,10782165711,0.3,0.1,0.1
H0032_0042,6328984333,0.3,0.1,0.1
H0032_0064,11258540713,0.5,0.3,0.5
H0033_0023,11061413835,0.3,0.1,0.3
H0033_0024,11061413833,0.3,0.1,0.3
H0033_0026,13042739818,0.3,0.1,0.3
H0033_0027,13042739816,0.3,0.1,0.3
H0033_0031,1309639202,0.5,0.1,0.3
H0033_0032,4668278617,0.5,0.1,0.3
H0033_0034,1733234015,0.5,0.1,0.3
H0033_0035,4668278646,0.5,0.1,0.3
H0033_0036,1554374588,0.5,0.1,0.3
H0033_0037,1554374598,0.5,0.1,0.3
H0033_0038,291584426,0.5,0.1,0.3
H0033_0040,1733234057,0.5,0.1,0.3
H0033_0041,10782114193,0.3,0.1,0.1
H0033_0062,460384992,0.5,0.1,0.3
H0033_0063,11258540726,0.5,0.3,0.5
H0034_0023,11061413837,0.3,0.1,0.3
H0034_0027,13042739839,0.3,0.1,0.3
H0034_0029,13479352298,0.5,0.1,0.3
H0034_0031,4668278614,0.5,0.1,0.3
H0034_0032,1309639592,0.5,0.1,0.3
H0034_0033,9602693150,0.5,0.1,0.3
H0034_0034,13479352116,0.5,0.1,0.3
H0034_0035,4668278636,0.5,0.1,0.3
H0034_0036,1554374555,0.5,0.1,0.3
H0034_0037,4668279619,0.5,0.1,0.3
H0034_0038,291927228,0.5,0.1,0.3
H0034_0039,8084750575,0.5,0.1,0.3
H0034_0040,10782114187,0.5,0.1,0.3
H0034_0041,10864590323,0.5,0.1,0.3
H0034_0042,10864590327,0.3,0.1,0.1
H0034_0059,460352061,0.5,0.1,0.5
H0034_0060,11274535367,0.5,0.1,0.5
H0034_0061,460385000,0.5,0.1,0.5
H0034_0062,460384997,0.5,0.1,0.3
H0034_0063,12795913160,0.5,0.1,0.3
H0034_0064,293850123,0.5,0.3,0.5
H0035_0022,11061413838,0.3,0.1,0.3
H0035_0028,1607870522,0.5,0.1,0.3
H0035_0029,13479352279,0.5,0.1,0.3
H0035_0030,9966846108,0.5,0.1,0.3
H0035_0031,9602777529,0.5,0.1,0.3
H0035_0032,9602777532,0.5,0.1,0.3
H0035_0033,6789225156,0.5,0.1,0.3
H0035_0034,4668278626,0.5,0.1,0.3
H0035_0036,10974835618,0.5,0.1,0.3
H0035_0037,10862626064,0.5,0.1,0.3
H0035_0038,8084750600,0.5,0.1,0.3
H0035_0039,10782114182,0.5,0.1,0.3
H0035_0049,13248031603,0.5,0.1,0.5
H0035_0050,13247989690,0.5,0.1,0.5
H0035_0051,13283345525,0.3,0.1,0.3
H0035_0056,460353197,0.5,0.1,0.5
H0035_0057,460353192,0.5,0.1,0.5
H0035_0058,6300295619,0.5,0.1,0.5
H0035_0059,12795913106,0.5,0.1,0.5
H0035_0060,3586834543,0.5,0.1,0.5
H0035_0061,12795913118,0.5,0.1,0.3
H0035_0062,1607732898,0.5,0.3,0.5
H0035_0063,1607732991,0.5,0.3,0.5
H0036_0022,11061413839,0.3,0.1,0.3
H0036_0027,12430718985,0.5,0.1,0.3
H0036_0028,12430718967,0.5,0.1,0.3
H0036_0029,1733233984,0.5,0.1,0.3
H0036_0030,13479352323,0.5,0.1,0.3
H0036_0031,9966846106,0.5,0.1,0.3
H0036_0032,6789225180,0.5,0.1,0.3
H0036_0033,6789233492,0.5,0.1,0.3
H0036_0034,12644019237,0.5,0.1,0.3
H0036_0035,1554374469,0.5,0.1,0.3
H0036_0036,4668278661,0.5,0.1,0.3
H0036_0037,10862626059,0.5,0.1,0.3
H0036_0038,3763305379,0.5,0.1,0.3
H0036_0039,10782114175,0.5,0.1,0.3
H0036_0048,3430936974,0.5,0.1,0.3
H0036_0049,6533862335,0.5,0.3,0.5
H0036_0050,6533862314,0.5,0.3,0.5
H0036_0051,460374178,0.5,0.3,0.5
H0036_0052,5514396514,0.5,0.3,0.5
H0036_0053,6681110385,0.5,0.3,0.5
H0036_0056,293851624,0.5,0.3,0.5
H0036_0057,304591620,0.5,0.3,0.5
H0036_0058,3586834520,0.5,0.3,0.5
H0036_0059,4244396289,0.5,0.1,0.5
H0036_0060,12795862183,0.5,0.1,0.3
H0036_0061,293876118,0.5,0.1,0.5
H0036_0062,1607732821,0.5,0.3,0.5
H0036_0063,1607732969,0.5,0.3,0.5
H0036_0064,5831742595,0.5,0.3,0.5
H0036_0065,11258545251,0.5,0.3,0.3
H0036_0066,13690616995,0.5,0.3,0.3
H0037_0021,11061413841,0.3,0.1,0.3
H0037_0026,12430718982,0.5,0.1,0.3
H0037_0027,12430718999,0.5,0.1,0.3
H0037_0028,1733233982,0.5,0.1,0.3
H0037_0029,4899932460,0.5,0.1,0.3
H0037_0030,13476800532,0.5,0.1,0.3
H0037_0031,10864590160,0.5,0.1,0.3
H0037_0032,1733234033,0.5,0.1,0.3
H0037_0033,6789225172,0.5,0.1,0.3
H0037_0034,1309638543,0.5,0.1,0.3
H0037_0035,3763287856,0.5,0.1,0.3
H0037_0036,3763305372,0.5,0.1,0.3
H0037_0037,3763305380,0.5,0.1,0.3
H0037_0047,3430936979,0.5,0.1,0.5
H0037_0048,1335716269,0.5,0.3,0.5
H0037_0049,6533862318,0.5,0.3,0.5
H0037_0050,13266833880,0.5,0.3,0.5
H0037_0051,13266833877,0.5,0.3,0.5
H0037_0052,9820783351,0.5,0.3,0.5
H0037_0053,460371535,0.5,0.3,0.5
H0037_0054,460371002,0.5,0.3,0.5
H0037_0055,11532139728,0.5,0.3,0.5
H0037_0056,1739321161,0.5,0.3,0.5
H0037_0057,10092095611,0.5,0.3,0.5
H0037_0058,304591613,0.5,0.3,0.5
H0037_0059,293876279,0.5,0.1,0.5
H0037_0060,11515987072,0.5,0.1,0.3
H0037_0061,11515987079,0.5,0.1,0.3
H0037_0063,11258545243,0.5,0.3,0.5
H0037_0064,11258545246,0.5,0.3,0.5
H0037_0065,13690617000,0.5,0.3,0.3
H0038_0021,11061413842,0.3,0.1,0.3
H0038_0026,10770607409,0.3,0.1,0.3
H0038_0027,11066863357,0.3,0.1,0.3
H0038_0028,11053698466,0.5,0.1,0.3
H0038_0029,6643065710,0.5,0.1,0.3
H0038_0030,8059295526,0.5,0.1,0.3
H0038_0031,10862625726,0.5,0.1,0.3
H0038_0032,10864590178,0.5,0.1,0.3
H0038_0033,10862625891,0.5,0.1,0.3
H0038_0034,1783311722,0.5,0.1,0.3
H0038_0035,3763287855,0.5,0.1,0.3
H0038_0043,8846476720,0.5,0.1,0.3
H0038_0047,3430936987,0.5,0.1,0.3
H0038_0048,1335716130,0.5,0.3,0.5
H0038_0049,460374206,0.5,0.3,0.5
H0038_0050,11992455236,0.5,0.3,0.5
H0038_0051,12726482693,0.5,0.3,0.5
H0038_0052,460371597,0.5,0.3,0.5
H0038_0053,460371547,0.5,0.3,0.5
H0038_0056,460370994,0.5,0.3,0.5
H0038_0057,9396649419,0.5,0.3,0.5
H0038_0058,1670774501,0.5,0.3,0.5
H0038_0059,304591556,0.5,0.3,0.5
H0038_0060,11515987061,0.5,0.1,0.5
H0038_0061,11515987065,0.5,0.1,0.3
H0038_0062,11515987069,0.5,0.1,0.3
H0038_0063,293850002,0.5,0.3,0.5
H0038_0067,2537638095,0.5,0.3,0.3
H0039_0020,11061413844,0.3,0.1,0.3
H0039_0025,10943626000,0.3,0.1,0.3
H0039_0026,12140293163,0.5,0.1,0.3
H0039_0028,11061419912,0.5,0.1,0.3
H0039_0029,11053698478,0.5,0.1,0.3
H0039_0030,1517780065,0.5,0.1,0.3
H0039_0031,10862625742,0.5,0.1,0.3
H0039_0032,10862625884,0.5,0.1,0.3
H0039_0033,1517776311,0.5,0.1,0.3
H0039_0034,3763287838,0.5,0.1,0.3
H0039_0041,1576987630,0.5,0.3,0.5
H0039_0043,13251409775,0.5,0.3,0.5
H0039_0045,3430942200,0.5,0.3,0.5
H0039_0046,3430942196,0.5,0.1,0.5
H0039_0047,303202278,0.5,0.3,0.5
H0039_0048,13283310086,0.5,0.3,0.5
H0039_0049,10889016957,0.5,0.3,0.5
H0039_0050,1577003435,0.5,0.3,0.5
H0039_0051,1577003431,0.5,0.3,0.5
H0039_0054,2550866372,0.5,0.3,0.5
H0039_0055,13278094142,0.5,0.3,0.5
H0039_0056,8142670295,0.5,0.3,0.5
H0039_0057,10969885650,0.5,0.3,0.5
H0039_0058,304591541,0.5,0.3,0.5
H0039_0059,293874114,0.5,0.3,0.5
H0039_0062,293850151,0.5,0.1,0.5
H0039_0066,2537638093,0.5,0.1,0.3
H0040_0020,11061413845,0.3,0.1,0.3
H0040_0026,10770607414,0.3,0.1,0.3
H0040_0027,10770607436,0.5,0.1,0.3
H0040_0029,11053698485,0.5,0.1,0.3
H0040_0030,10862625710,0.5,0.1,0.3
H0040_0031,12787935194,0.5,0.1,0.3
H0040_0032,10862625753,0.5,0.1,0.3
H0040_0033,10862625954,0.5,0.1,0.3
H0040_0040,1334519592,0.5,0.3,0.5
H0040_0041,1334519651,0.5,0.3,0.5
H0040_0042,12786327436,0.5,0.3,0.5
H0040_0043,13251409772,0.5,0.3,0.5
H0040_0044,1576984303,0.5,0.1,0.5
H0040_0045,3430942206,0.5,0.3,0.5
H0040_0046,13075891065,0.5,0.3,0.5
H0040_0047,13806300921,0.5,0.3,0.5
H0040_0048,11148431254,0.5,0.3,0.5
H0040_0049,1577002117,0.5,0.3,0.5
H0040_0050,1577002120,0.5,0.3,0.5
H0040_0052,1577003436,0.5,0.3,0.5
H0040_0053,7728503183,0.5,0.3,0.5
H0040_0054,4228868789,0.5,0.3,0.5
H0040_0055,293876630,0.5,0.3,0.5
H0040_0056,12768441271,0.5,0.3,0.5
H0040_0057,10969885647,0.5,0.3,0.5
H0040_0058,9186394286,0.5,0.3,0.5
H0040_0059,4406270938,0.5,0.1,0.5
H0040_0060,13476413488,0.5,0.1,0.5
H0040_0061,13476413490,0.5,0.1,0.5
H0040_0065,2537638091,0.5,0.1,0.3
H0040_0066,4820428252,0.5,0.1,0.3
H0040_0068,4820428244,0.5,0.1,0.3
H0040_0069,4820428243,0.5,0.3,0.3
H0041_0020,11061413846,0.3,0.1,0.3
H0041_0026,10770607434,0.5,0.1,0.3
H0041_0027,10770607437,0.5,0.1,0.3
H0041_0028,11053698493,0.5,0.1,0.3
H0041_0029,4038324228,0.5,0.1,0.3
H0041_0031,8059272794,0.5,0.1,0.3
H0041_0037,13251427910,0.5,0.3,0.5
H0041_0038,13251427905,0.5,0.3,0.5
H0041_0039,1332668655,0.5,0.3,0.5
H0041_0040,1519301970,0.5,0.3,0.5
H0041_0041,1332719602,0.5,0.3,0.5
H0041_0042,1576984320,0.5,0.3,0.5
H0041_0043,304763222,0.5,0.3,0.5
H0041_0044,10969345508,0.5,0.3,0.5
H0041_0045,13075891072,0.5,0.3,0.5
H0041_0046,13075891066,0.5,0.3,0.5
H0041_0047,5412363649,0.5,0.3,0.5
H0041_0048,1750283342,0.5,0.3,0.5
H0041_0052,7728529801,0.5,0.3,0.5
H0041_0053,9396648012,0.5,0.3,0.5
H0041_0054,12768441270,0.5,0.3,0.5
H0041_0055,1693050615,0.5,0.3,0.5
H0041_0056,304590295,0.5,0.3,0.5
H0041_0057,4406270890,0.5,0.3,0.5
H0041_0058,6188306586,0.5,0.3,0.5
H0041_0059,11215617881,0.5,0.1,0.5
H0041_0060,13476413486,0.5,0.1,0.5
H0041_0063,13236903203,0.5,0.1,0.3
H0041_0066,4820428249,0.5,0.1,0.3
H0041_0067,4820428268,0.5,0.1,0.3
H0042_0020,11061413848,0.3,0.1,0.3
H0042_0026,10959368177,0.5,0.1,0.3
H0042_0027,10770607428,0.5,0.1,0.3
H0042_0028,11113942097,0.5,0.1,0.3
H0042_0033,8018283664,0.5,0.3,0.5
H0042_0034,1334519617,0.5,0.3,0.5
H0042_0036,1334519568,0.5,0.3,0.5
H0042_0037,1334519623,0.5,0.3,0.5
H0042_0038,2550866427,0.5,0.3,0.5
H0042_0039,293851905,0.5,0.3,0.5
H0042_0040,1669281972,0.5,0.3,0.5
H0042_0041,1332699889,0.5,0.3,0.5
H0042_0042,1332719592,0.5,0.3,0.5
H0042_0043,1334351921,0.5,0.3,0.5
H0042_0044,12786327381,0.5,0.3,0.5
H0042_0045,12726512992,0.5,0.3,0.5
H0042_0046,304580242,0.5,0.3,0.5
H0042_0047,304580241,0.5,0.3,0.5
H0042_0048,13363313378,0.5,0.3,0.5
H0042_0049,13075891044,0.5,0.3,0.5
H0042_0050,12726513025,0.5,0.3,0.5
H0042_0051,1833995997,0.5,0.3,0.5
H0042_0052,9396648001,0.5,0.3,0.5
H0042_0053,1524484562,0.5,0.3,0.5
H0042_0054,12729291602,0.5,0.3,0.5
H0042_0055,12768441260,0.5,0.3,0.5
H0042_0056,10969869017,0.5,0.3,0.5
H0042_0057,31498903,0.5,0.1,0.5
H0042_0058,5563872908,0.5,0.1,0.5
H0042_0059,11215617910,0.5,0.1,0.5
H0042_0060,11215617887,0.5,0.1,0.5
H0042_0061,13208925271,0.5,0.1,0.5
H0042_0062,13236903207,0.5,0.1,0.3
H0042_0063,13236897795,0.5,0.1,0.3
H0042_0064,2537638090,0.5,0.1,0.3
H0042_0068,4820428266,0.5,0.1,0.3
H0043_0021,3771849226,0.3,0.1,0.3
H0043_0022,3771849227,0.3,0.1,0.3
H0043_0023,3771849228,0.3,0.1,0.3
H0043_0024,3771849229,0.3,0.1,0.3
H0043_0031,11193065877,0.5,0.3,0.5
H0043_0032,13551342571,0.5,0.3,0.5
H0043_0033,7951830085,0.5,0.3,0.5
H0043_0034,7951767470,0.5,0.3,0.5
H0043_0035,6086073177,0.5,0.3,0.5
H0043_0036,7806121149,0.5,0.3,0.5
H0043_0037,304743203,0.5,0.3,0.5
H0043_0038,1669281897,0.5,0.3,0.5
H0043_0039,6149496208,0.5,0.3,0.5
H0043_0040,304742336,0.5,0.3,0.5
H0043_0041,304742344,0.5,0.3,0.5
H0043_0042,304742347,0.5,0.3,0.5
H0043_0043,299641717,0.5,0.3,0.5
H0043_0044,304763196,0.5,0.3,0.5
H0043_0045,304763199,0.5,0.3,0.5
H0043_0046,12726512906,0.5,0.3,0.5
H0043_0047,2543618332,0.5,0.3,0.5
H0043_0048,9834075289,0.5,0.3,0.5
H0043_0049,12726513023,0.5,0.3,0.5
H0043_0050,1416167197,0.5,0.3,0.5
H0043_0051,1416167195,0.5,0.3,0.5
H0043_0052,12768725281,0.5,0.3,0.5
H0043_0053,10852743401,0.5,0.3,0.5
H0043_0054,7728499328,0.5,0.3,0.5
H0043_0055,4244396090,0.5,0.3,0.5
H0043_0056,4425354702,0.5,0.3,0.5
H0043_0057,5563872945,0.5,0.1,0.5
H0043_0058,11215617954,0.5,0.1,0.5
H0043_0059,13208903791,0.5,0.1,0.5
H0043_0060,11514003618,0.5,0.1,0.5
H0043_0061,13236903210,0.5,0.1,0.5
H0043_0062,13236897787,0.5,0.1,0.3
H0043_0063,11898597895,0.5,0.1,0.3
H0043_0068,4820428264,0.5,0.1,0.3
H0044_0030,1309637796,0.5,0.3,0.5
H0044_0031,1309637943,0.5,0.3,0.5
H0044_0032,2048787814,0.5,0.3,0.5
H0044_0033,1309638308,0.5,0.3,0.5
H0044_0034,291927461,0.5,0.3,0.5
H0044_0035,10970847422,0.5,0.3,0.5
H0044_0036,1332645340,0.5,0.3,0.5
H0044_0037,1518680309,0.5,0.3,0.5
H0044_0038,1669391017,0.5,0.3,0.5
H0044_0039,6535742408,0.5,0.3,0.5
H0044_0040,12786327363,0.5,0.3,0.5
H0044_0041,265669562,0.5,0.3,0.5
H0044_0042,4235185589,0.5,0.3,0.5
H0044_0043,304762078,0.5,0.3,0.5
H0044_0044,302966023,0.5,0.3,0.5
H0044_0045,304576588,0.5,0.3,0.5
H0044_0046,1679571341,0.5,0.3,0.5
H0044_0047,12772323490,0.5,0.3,0.5
H0044_0048,12729291646,0.5,0.3,0.5
H0044_0049,1335900049,0.5,0.3,0.5
H0044_0050,9257414624,0.5,0.3,0.5
H0044_0052,12768725273,0.5,0.3,0.5
H0044_0053,12768725279,0.5,0.3,0.5
H0044_0054,1655958419,0.5,0.3,0.5
H0044_0055,12768441239,0.5,0.3,0.5
H0044_0056,10969869178,0.5,0.3,0.5
H0044_0057,7992368574,0.5,0.3,0.5
H0044_0058,13208903775,0.5,0.1,0.5
H0044_0059,13208903783,0.5,0.1,0.5
H0044_0060,11215617908,0.5,0.1,0.5
H0044_0061,13208903748,0.5,0.1,0.5
H0044_0062,13236897775,0.5,0.1,0.3
H0044_0063,2537638005,0.5,0.1,0.3
H0044_0064,2537638001,0.5,0.1,0.3
H0044_0065,2537637997,0.5,0.1,0.3
H0044_0066,2537637993,0.5,0.1,0.3
H0044_0067,2537637988,0.5,0.1,0.3
H0044_0069,4820428263,0.5,0.1,0.3
H0045_0030,13522359578,0.5,0.3,0.5
H0045_0031,13522359574,0.5,0.3,0.5
H0045_0032,11107400700,0.5,0.3,0.5
H0045_0033,13075891052,0.5,0.3,0.5
H0045_0034,1517894265,0.5,0.3,0.5
H0045_0035,12652485851,0.5,0.3,0.5
H0045_0036,12147636333,0.5,0.3,0.5
H0045_0037,1332769856,0.5,0.3,0.5
H0045_0038,12728226848,0.5,0.3,0.5
H0045_0039,4235180094,0.5,0.3,0.5
H0045_0040,6440467754,0.5,0.3,0.5
H0045_0041,6418907296,0.5,0.3,0.5
H0045_0042,4050345950,0.5,0.3,0.5
H0045_0043,12730738415,0.5,0.3,0.5
H0045_0044,1335962684,0.5,0.3,0.5
H0045_0045,1582411346,0.5,0.3,0.5
H0045_0046,4235120611,0.5,0.3,0.5
H0045_0047,1456255195,0.5,0.3,0.5
H0045_0048,9257313084,0.5,0.3,0.5
H0045_0049,13514569010,0.5,0.3,0.5
H0045_0050,1335903101,0.5,0.3,0.5
H0045_0051,1333925932,0.5,0.3,0.5
H0045_0052,12607126625,0.5,0.3,0.5
H0045_0053,12768441224,0.5,0.3,0.5
H0045_0054,1654943890,0.5,0.3,0.5
H0045_0055,12768441236,0.5,0.3,0.5
H0045_0056,11898597273,0.5,0.3,0.5
H0045_0057,10969869130,0.5,0.3,0.5
H0045_0058,5563872873,0.5,0.1,0.5
H0045_0059,5563872989,0.5,0.1,0.5
H0045_0060,10262561799,0.5,0.1,0.5
H0045_0061,11514003659,0.5,0.1,0.5
H0045_0062,2537638007,0.5,0.1,0.3
H0045_0063,4820400289,0.5,0.1,0.3
H0045_0066,4820400254,0.5,0.1,0.3
H0046_0030,12787935076,0.5,0.3,0.5
H0046_0031,13522359582,0.5,0.3,0.5
H0046_0032,13522359572,0.5,0.3,0.5
H0046_0033,12787997801,0.5,0.3,0.5
H0046_0034,1517894389,0.5,0.3,0.5
H0046_0035,12146326622,0.5,0.3,0.5
H0046_0036,265669554,0.5,0.3,0.5
H0046_0037,6789185270,0.5,0.3,0.5
H0046_0038,12730738463,0.5,0.3,0.5
H0046_0039,302966036,0.5,0.3,0.5
H0046_0040,6086166519,0.5,0.3,0.5
H0046_0041,1335370854,0.5,0.3,0.5
H0046_0042,1669385096,0.5,0.3,0.5
H0046_0043,4235178591,0.5,0.3,0.5
H0046_0044,12786367939,0.5,0.3,0.5
H0046_0045,302966012,0.5,0.3,0.5
H0046_0046,1335936926,0.5,0.3,0.5
H0046_0047,6168445916,0.5,0.3,0.5
H0046_0048,304576529,0.5,0.3,0.5
H0046_0049,304578785,0.5,0.3,0.5
H0046_0050,1335858522,0.5,0.3,0.5
H0046_0051,304763503,0.5,0.3,0.5
H0046_0052,12673454380,0.5,0.3,0.5
H0046_0053,6034073764,0.5,0.3,0.5
H0046_0054,304580057,0.5,0.3,0.5
H0046_0056,11898597265,0.5,0.3,0.5
H0046_0057,7088110119,0.5,0.3,0.5
H0046_0058,13208903764,0.5,0.1,0.5
H0046_0060,11514003490,0.5,0.1,0.5
H0046_0061,11898725993,0.5,0.1,0.5
H0046_0062,13236903252,0.5,0.1,0.5
H0046_0063,4820400287,0.5,0.1,0.3
H0046_0064,4820400294,0.5,0.1,0.3
H0047_0028,10943669211,0.5,0.3,0.5
H0047_0029,12787935056,0.5,0.3,0.5
H0047_0030,13522386711,0.5,0.3,0.5
H0047_0031,12787935104,0.5,0.3,0.5
H0047_0032,12787997805,0.5,0.3,0.5
H0047_0033,10948807008,0.5,0.3,0.5
H0047_0034,12382192929,0.5,0.3,0.5
H0047_0035,12730738485,0.5,0.3,0.5
H0047_0036,6247994297,0.5,0.3,0.5
H0047_0037,6122292644,0.5,0.3,0.5
H0047_0038,1582420933,0.5,0.3,0.5
H0047_0039,2655580318,0.5,0.3,0.5
H0047_0040,12684727361,0.5,0.3,0.5
H0047_0041,4229026795,0.5,0.3,0.5
H0047_0042,12786361567,0.5,0.3,0.5
H0047_0043,12786361574,0.5,0.3,0.5
H0047_0044,302964821,0.5,0.3,0.5
H0047_0045,12772205592,0.5,0.3,0.5
H0047_0046,12772205558,0.5,0.3,0.5
H0047_0047,6168445900,0.5,0.3,0.5
H0047_0048,10843102936,0.5,0.3,0.5
H0047_0049,304576505,0.5,0.3,0.5
H0047_0050,304763504,0.5,0.3,0.5
H0047_0051,304579937,0.5,0.3,0.5
H0047_0052,304579917,0.5,0.3,0.5
H0047_0060,11898725998,0.5,0.1,0.5
H0047_0061,11898725990,0.5,0.1,0.5
H0047_0062,11898597910,0.5,0.1,0.5
H0047_0063,4820400291,0.5,0.1,0.5
H0047_0064,4820400295,0.5,0.1,0.3
H0048_0029,6539916754,0.5,0.3,0.5
H0048_0030,12787935022,0.5,0.3,0.5
H0048_0031,12787935017,0.5,0.3,0.5
H0048_0032,2552400217,0.5,0.3,0.5
H0048_0033,1517799702,0.5,0.3,0.5
H0048_0034,1332785497,0.5,0.3,0.5
H0048_0035,12787997706,0.5,0.3,0.5
H0048_0036,12730738503,0.5,0.3,0.5
H0048_0037,1332790270,0.5,0.3,0.5
H0048_0038,4050345394,0.5,0.3,0.5
H0048_0039,1333397832,0.5,0.3,0.5
H0048_0040,1333404045,0.5,0.3,0.5
H0048_0041,4050345815,0.5,0.3,0.5
H0048_0042,304762056,0.5,0.3,0.5
H0048_0043,1335400991,0.5,0.3,0.5
H0048_0044,302964815,0.5,0.3,0.5
H0048_0045,12772323481,0.5,0.3,0.5
H0048_0046,9635553182,0.5,0.3,0.5
H0048_0047,1335949339,0.5,0.3,0.5
H0048_0048,7190872700,0.5,0.3,0.5
H0048_0049,304587695,0.5,0.3,0.5
H0048_0050,1336450093,0.5,0.3,0.5
H0048_0051,8294058522,0.5,0.3,0.5
H0048_0052,13634243176,0.5,0.3,0.5
H0048_0061,2822871751,0.5,0.1,0.5
H0049_0029,12787935047,0.5,0.3,0.5
H0049_0030,13522386715,0.5,0.3,0.5
H0049_0031,4069942819,0.5,0.3,0.5
H0049_0032,13296601312,0.5,0.3,0.5
H0049_0033,11396500473,0.5,0.3,0.5
H0049_0034,301801838,0.5,0.3,0.5
H0049_0035,4235272707,0.5,0.3,0.5
H0049_0036,4241728252,0.5,0.3,0.5
H0049_0037,302966075,0.5,0.3,0.5
H0049_0038,302966068,0.5,0.3,0.5
H0049_0039,304742295,0.5,0.3,0.5
H0049_0040,12639567742,0.5,0.3,0.5
H0049_0041,302966095,0.5,0.3,0.5
H0049_0042,12604059177,0.5,0.3,0.5
H0049_0043,7177787606,0.5,0.3,0.5
H0049_0044,12772323475,0.5,0.3,0.5
H0049_0045,9922114735,0.5,0.3,0.5
H0049_0046,1680817595,0.5,0.3,0.5
H0049_0047,1336450118,0.5,0.3,0.5
H0049_0048,7843321060,0.5,0.3,0.5
H0049_0049,9683257699,0.5,0.3,0.5
H0049_0050,1336450099,0.5,0.3,0.5
H0049_0051,1333879177,0.5,0.3,0.5
H0049_0052,11868804459,0.5,0.3,0.5
H0050_0031,4557252953,0.5,0.3,0.5
H0050_0032,9860535827,0.5,0.3,0.5
H0050_0033,6369822475,0.5,0.3,0.5
H0050_0034,3375251445,0.5,0.3,0.5
H0050_0035,4071708549,0.5,0.3,0.5
H0050_0036,1976182212,0.5,0.3,0.5
H0050_0037,1976182230,0.5,0.3,0.5
H0050_0038,11180649875,0.5,0.3,0.5
H0050_0039,1678144337,0.5,0.3,0.5
H0050_0040,12639567802,0.5,0.3,0.5
H0050_0041,12636319189,0.5,0.3,0.5
H0050_0042,313606728,0.5,0.3,0.5
H0050_0043,12604059190,0.5,0.3,0.5
H0050_0044,7466695670,0.5,0.3,0.5
H0050_0045,6331412235,0.5,0.3,0.5
H0050_0046,12785384685,0.5,0.3,0.5
H0050_0047,304576474,0.5,0.3,0.5
H0050_0048,304576406,0.5,0.3,0.5
H0050_0049,7843321033,0.5,0.3,0.5
H0050_0050,304587716,0.5,0.3,0.5
H0050_0051,4044375747,0.5,0.3,0.5
H0050_0052,11955680768,0.5,0.3,0.5
H0050_0053,2433711113,0.5,0.3,0.5
H0051_0029,4028348297,0.5,0.3,0.5
H0051_0030,6149527865,0.5,0.3,0.5
H0051_0031,3816218870,0.5,0.3,0.5
H0051_0032,301802251,0.5,0.3,0.5
H0051_0033,2307384385,0.5,0.3,0.5
H0051_0034,13801355990,0.5,0.3,0.5
H0051_0035,2817167063,0.5,0.3,0.5
H0051_0036,12549478489,0.5,0.3,0.5
H0051_0037,2939669839,0.5,0.3,0.5
H0051_0038,12595228399,0.5,0.3,0.5
H0051_0039,12636319137,0.5,0.3,0.5
H0051_0040,12655848036,0.5,0.3,0.5
H0051_0041,12655832976,0.5,0.3,0.5
H0051_0042,12787592490,0.5,0.3,0.5
H0051_0043,7548883046,0.5,0.3,0.5
H0051_0044,12785384659,0.5,0.3,0.5
H0051_0045,12785384652,0.5,0.3,0.5
H0051_0046,12785384641,0.5,0.3,0.5
H0051_0047,3529181723,0.5,0.3,0.5
H0051_0048,304587734,0.5,0.3,0.5
H0051_0049,7806507940,0.5,0.3,0.5
H0051_0050,12772201879,0.5,0.3,0.5
H0051_0051,304763480,0.5,0.3,0.5
H0051_0052,5365725281,0.5,0.3,0.5
H0051_0053,5359935172,0.5,0.3,0.5
H0051_0054,1752677525,0.5,0.3,0.5
H0051_0056,1748744712,0.5,0.3,0.5
H0052_0029,11425682923,0.5,0.3,0.5
H0052_0030,8778951943,0.5,0.3,0.5
H0052_0031,1601530424,0.5,0.3,0.5
H0052_0032,12791253876,0.5,0.3,0.5
H0052_0033,2102252140,0.5,0.3,0.5
H0052_0034,7522989639,0.5,0.3,0.5
H0052_0035,368031696,0.5,0.3,0.5
H0052_0036,6305779529,0.5,0.3,0.5
H0052_0037,9466272405,0.5,0.3,0.5
H0052_0038,12730599972,0.5,0.3,0.5
H0052_0039,2853259828,0.5,0.3,0.5
H0052_0040,10820325057,0.5,0.3,0.5
H0052_0041,12787592471,0.5,0.3,0.5
H0052_0042,1333752843,0.5,0.3,0.5
H0052_0043,4902689737,0.5,0.3,0.5
H0052_0044,4902690046,0.5,0.3,0.5
H0052_0045,12551295599,0.5,0.3,0.5
H0052_0046,9135617631,0.5,0.3,0.5
H0052_0047,12772205501,0.5,0.3,0.5
H0052_0048,1336481996,0.5,0.3,0.5
H0052_0049,10984439993,0.5,0.3,0.5
H0052_0050,10984451455,0.5,0.3,0.5
H0052_0051,13367428598,0.5,0.3,0.5
H0052_0052,315238582,0.5,0.3,0.5
H0052_0053,2948657263,0.5,0.3,0.5
H0052_0054,1752939244,0.5,0.3,0.5
H0052_0055,304764048,0.5,0.3,0.5
H0052_0056,12730828702,0.5,0.3,0.5
H0052_0057,1748744790,0.5,0.3,0.5
H0052_0058,12768401747,0.5,0.3,0.5
H0052_0059,1748789991,0.5,0.3,0.5
H0053_0029,11429972491,0.5,0.3,0.5
H0053_0030,1677395629,0.5,0.3,0.5
H0053_0031,12855417874,0.5,0.3,0.5
H0053_0032,12730599926,0.5,0.3,0.5
H0053_0033,13048692792,0.5,0.3,0.5
H0053_0034,1320036075,0.5,0.3,0.5
H0053_0035,1333269505,0.5,0.3,0.5
H0053_0036,7804547542,0.5,0.3,0.5
H0053_0037,12595228366,0.5,0.3,0.5
H0053_0038,12636319154,0.5,0.3,0.5
H0053_0039,12730639856,0.5,0.3,0.5
H0053_0040,12787592445,0.5,0.3,0.5
H0053_0041,7928451499,0.5,0.3,0.5
H0053_0042,6106890865,0.5,0.3,0.5
H0053_0043,12549925773,0.5,0.3,0.5
H0053_0044,5545134740,0.5,0.3,0.5
H0053_0045,12551295582,0.5,0.3,0.5
H0053_0046,4235104793,0.5,0.3,0.5
H0053_0047,11865664335,0.5,0.3,0.5
H0053_0048,4235356889,0.5,0.3,0.5
H0053_0049,12522995826,0.5,0.3,0.5
H0053_0050,1336655119,0.5,0.3,0.5
H0053_0051,13801398609,0.5,0.3,0.5
H0053_0052,4244683532,0.5,0.3,0.5
H0053_0053,304764067,0.5,0.3,0.5
H0053_0054,1752677708,0.5,0.3,0.5
H0053_0055,304596685,0.5,0.3,0.5
H0053_0056,4244320393,0.5,0.3,0.5
H0053_0057,1336737682,0.5,0.3,0.5
H0053_0058,13595807668,0.5,0.3,0.5
H0053_0059,12768401744,0.5,0.3,0.5
H0054_0029,3812548070,0.5,0.3,0.5
H0054_0030,13075755572,0.5,0.3,0.5
H0054_0031,1520083698,0.5,0.3,0.5
H0054_0032,12791265101,0.5,0.3,0.5
H0054_0033,12791177444,0.5,0.3,0.5
H0054_0034,1671052660,0.5,0.3,0.5
H0054_0035,1671052676,0.5,0.3,0.5
H0054_0036,1671107675,0.5,0.3,0.5
H0054_0037,1333686363,0.5,0.3,0.5
H0054_0038,6491703571,0.5,0.3,0.5
H0054_0039,11811197853,0.5,0.3,0.5
H0054_0040,10824082848,0.5,0.3,0.5
H0054_0041,12549808196,0.5,0.3,0.5
H0054_0042,12549820321,0.5,0.3,0.5
H0054_0043,12549820333,0.5,0.3,0.5
H0054_0044,12551295536,0.5,0.3,0.5
H0054_0045,6131677268,0.5,0.3,0.5
H0054_0046,12730458390,0.5,0.3,0.5
H0054_0047,2422262678,0.5,0.3,0.5
H0054_0048,11514082203,0.5,0.3,0.5
H0054_0049,12771693070,0.5,0.3,0.5
H0054_0050,304763694,0.5,0.3,0.5
H0054_0051,12771693017,0.5,0.3,0.5
H0054_0052,1336688270,0.5,0.3,0.5
H0054_0053,304764101,0.5,0.3,0.5
H0054_0054,1752979813,0.5,0.3,0.5
H0054_0055,1336737713,0.5,0.3,0.5
H0054_0056,304596716,0.5,0.3,0.5
H0054_0057,12768401707,0.5,0.3,0.5
H0054_0058,1336737701,0.5,0.3,0.5
H0054_0059,13074470732,0.5,0.3,0.5
H0054_0060,304594774,0.5,0.3,0.5
H0055_0026,1329890078,0.5,0.3,0.5
H0055_0028,3129277334,0.5,0.3,0.5
H0055_0029,1520083271,0.5,0.3,0.5
H0055_0030,12791265022,0.5,0.3,0.5
H0055_0031,1670467950,0.5,0.3,0.5
H0055_0032,301802511,0.5,0.3,0.5
H0055_0033,2400326002,0.5,0.3,0.5
H0055_0034,301802471,0.5,0.3,0.5
H0055_0035,302742175,0.5,0.3,0.5
H0055_0036,12789133026,0.5,0.3,0.5
H0055_0037,12787672087,0.5,0.3,0.5
H0055_0038,11104492426,0.5,0.3,0.5
H0055_0039,13526623536,0.5,0.3,0.5
H0055_0040,7176218411,0.5,0.3,0.5
H0055_0041,10807135391,0.5,0.3,0.5
H0055_0042,10807185864,0.5,0.3,0.5
H0055_0043,10807185854,0.5,0.3,0.5
H0055_0044,10807185803,0.5,0.3,0.5
H0055_0045,12771694644,0.5,0.3,0.5
H0055_0046,12771694620,0.5,0.3,0.5
H0055_0047,12771693084,0.5,0.3,0.5
H0055_0048,301811627,0.5,0.3,0.5
H0055_0049,304699094,0.5,0.3,0.5
H0055_0050,304763691,0.5,0.3,0.5
H0055_0051,1336672458,0.5,0.3,0.5
H0055_0052,12768725209,0.5,0.3,0.5
H0055_0053,1752979743,0.5,0.3,0.5
H0055_0054,6882629397,0.5,0.3,0.5
H0055_0055,304764136,0.5,0.3,0.5
H0055_0056,4243016495,0.5,0.3,0.5
H0055_0057,304594812,0.5,0.3,0.5
H0055_0058,304594797,0.5,0.3,0.5
H0055_0059,13595807643,0.5,0.3,0.5
H0056_0026,1329890126,0.5,0.3,0.5
H0056_0027,1329890105,0.5,0.3,0.5
H0056_0028,9433347881,0.5,0.3,0.5
H0056_0029,11212068693,0.5,0.3,0.5
H0056_0030,13514589346,0.5,0.3,0.5
H0056_0031,11176102247,0.5,0.3,0.5
H0056_0032,8241311694,0.5,0.3,0.5
H0056_0033,12791177432,0.5,0.3,0.5
H0056_0034,12791177463,0.5,0.3,0.5
H0056_0035,12728636606,0.5,0.3,0.5
H0056_0036,12772010345,0.5,0.3,0.5
H0056_0037,12772010372,0.5,0.3,0.5
H0056_0038,12772010404,0.5,0.3,0.5
H0056_0039,13522439186,0.5,0.3,0.5
H0056_0040,7984593307,0.5,0.3,0.5
H0056_0041,12728785706,0.5,0.3,0.5
H0056_0042,302742232,0.5,0.3,0.5
H0056_0043,1676930747,0.5,0.3,0.5
H0056_0044,10807185817,0.5,0.3,0.5
H0056_0045,12730458394,0.5,0.3,0.5
H0056_0046,309848495,0.5,0.3,0.5
H0056_0047,12771694609,0.5,0.3,0.5
H0056_0048,12730528439,0.5,0.3,0.5
H0056_0049,12771693046,0.5,0.3,0.5
H0056_0050,1727511203,0.5,0.3,0.5
H0056_0051,304699026,0.5,0.3,0.5
H0056_0052,304699010,0.5,0.3,0.5
H0056_0053,12730828735,0.5,0.3,0.5
H0056_0054,12768380983,0.5,0.3,0.5
H0056_0055,1748752437,0.5,0.3,0.5
H0056_0056,1752991477,0.5,0.3,0.5
H0056_0057,1748752554,0.5,0.3,0.5
H0056_0058,12768401656,0.5,0.3,0.5
H0056_0059,304594780,0.5,0.3,0.5
H0057_0025,3806824101,0.5,0.3,0.5
H0057_0026,9357775630,0.5,0.3,0.5
H0057_0027,9798318356,0.5,0.3,0.5
H0057_0028,3809925650,0.5,0.3,0.5
H0057_0029,8486417293,0.5,0.3,0.5
H0057_0030,3078449760,0.5,0.3,0.5
H0057_0031,8241311678,0.5,0.3,0.5
H0057_0032,1673201108,0.5,0.3,0.5
H0057_0033,6167688903,0.5,0.3,0.5
H0057_0034,364333977,0.5,0.3,0.5
H0057_0035,364333981,0.5,0.3,0.5
H0057_0036,11941854648,0.5,0.3,0.5
H0057_0037,11941909371,0.5,0.3,0.5
H0057_0038,12728664287,0.5,0.3,0.5
H0057_0039,9121937519,0.5,0.3,0.5
H0057_0040,1676874935,0.5,0.3,0.5
H0057_0041,5471236076,0.5,0.3,0.5
H0057_0042,1676930741,0.5,0.3,0.5
H0057_0043,1333775570,0.5,0.3,0.5
H0057_0044,12077416339,0.5,0.3,0.5
H0057_0045,12730466824,0.5,0.3,0.5
H0057_0046,8522652431,0.5,0.3,0.5
H0057_0047,12771693099,0.5,0.3,0.5
H0057_0048,304587571,0.5,0.3,0.5
H0057_0049,1333799027,0.5,0.3,0.5
H0057_0050,4245976092,0.5,0.3,0.5
H0057_0051,1758174742,0.5,0.3,0.5
H0057_0052,12769049389,0.5,0.3,0.5
H0057_0053,1333965877,0.5,0.3,0.5
H0057_0054,6403547181,0.5,0.3,0.5
H0057_0055,1753033755,0.5,0.3,0.5
H0057_0056,12768401623,0.5,0.3,0.5
H0057_0057,10690393699,0.5,0.3,0.5
H0057_0058,11513820872,0.5,0.3,0.5
H0058_0025,12921693543,0.5,0.3,0.5
H0058_0026,12921693570,0.5,0.3,0.5
H0058_0027,1691714738,0.5,0.3,0.5
H0058_0028,302964287,0.5,0.3,0.5
H0058_0029,12791325293,0.5,0.3,0.5
H0058_0030,12791335403,0.5,0.3,0.5
H0058_0031,3078449799,0.5,0.3,0.5
H0058_0032,301807418,0.5,0.3,0.5
H0058_0033,11821233258,0.5,0.3,0.5
H0058_0034,12731475289,0.5,0.3,0.5
H0058_0035,301806842,0.5,0.3,0.5
H0058_0036,12787737345,0.5,0.3,0.5
H0058_0037,1673398526,0.5,0.3,0.5
H0058_0038,12772010426,0.5,0.3,0.5
H0058_0039,12728664268,0.5,0.3,0.5
H0058_0040,8522652463,0.5,0.3,0.5
H0058_0041,13529411167,0.5,0.3,0.5
H0058_0042,11327571894,0.5,0.3,0.5
H0058_0043,9372925151,0.5,0.3,0.5
H0058_0044,297411543,0.5,0.3,0.5
H0058_0045,301813602,0.5,0.3,0.5
H0058_0046,12769951096,0.5,0.3,0.5
H0058_0047,12769998616,0.5,0.3,0.5
H0058_0048,12730466882,0.5,0.3,0.5
H0058_0049,1762006353,0.5,0.3,0.5
H0058_0050,1333791624,0.5,0.3,0.5
H0058_0051,12730828762,0.5,0.3,0.5
H0058_0052,304698938,0.5,0.3,0.5
H0058_0053,12769049385,0.5,0.3,0.5
H0058_0054,12768381000,0.5,0.3,0.5
H0058_0055,8234265720,0.5,0.3,0.5
H0058_0056,304594904,0.5,0.3,0.5
H0058_0057,1753739585,0.5,0.3,0.5
H0059_0023,13652005060,0.5,0.3,0.5
H0059_0024,9357775659,0.5,0.3,0.5
H0059_0025,12921693581,0.5,0.3,0.5
H0059_0026,306296872,0.5,0.3,0.5
H0059_0027,8844712057,0.5,0.3,0.5
H0059_0028,12791325276,0.5,0.3,0.5
H0059_0029,6086217569,0.5,0.3,0.5
H0059_0030,10159726486,0.5,0.3,0.5
H0059_0031,12791335431,0.5,0.3,0.5
H0059_0032,12791335454,0.5,0.3,0.5
H0059_0033,12565104470,0.5,0.3,0.5
H0059_0034,12485105673,0.5,0.3,0.5
H0059_0035,12787737325,0.5,0.3,0.5
H0059_0036,12787737318,0.5,0.3,0.5
H0059_0037,12728636634,0.5,0.3,0.5
H0059_0038,10781466793,0.5,0.3,0.5
H0059_0039,12772010458,0.5,0.3,0.5
H0059_0040,11795264483,0.5,0.3,0.5
H0059_0041,9549302175,0.5,0.3,0.5
H0059_0042,302742300,0.5,0.3,0.5
H0059_0043,1333624830,0.5,0.3,0.5
H0059_0044,304734701,0.5,0.3,0.5
H0059_0045,12770065682,0.5,0.3,0.5
H0059_0046,304734635,0.5,0.3,0.5
H0059_0047,1762006333,0.5,0.3,0.5
H0059_0048,12769998680,0.5,0.3,0.5
H0059_0049,12729291244,0.5,0.3,0.5
H0059_0050,4242887290,0.5,0.3,0.5
H0059_0051,304698900,0.5,0.3,0.5
H0059_0052,1755882802,0.5,0.3,0.5
H0059_0053,304697339,0.5,0.3,0.5
H0059_0054,304697393,0.5,0.3,0.5
H0059_0055,10983772523,0.5,0.3,0.5
H0059_0056,304594909,0.5,0.3,0.5
H0060_0022,6086144463,0.5,0.3,0.5
H0060_0023,13652005057,0.5,0.3,0.5
H0060_0024,11392399021,0.5,0.3,0.5
H0060_0025,9357775687,0.5,0.3,0.5
H0060_0026,9796684645,0.5,0.3,0.5
H0060_0027,9796684622,0.5,0.3,0.5
H0060_0028,302964281,0.5,0.3,0.5
H0060_0029,4259955458,0.5,0.3,0.5
H0060_0030,302964263,0.5,0.3,0.5
H0060_0031,12732464868,0.5,0.3,0.5
H0060_0032,12791882728,0.5,0.3,0.5
H0060_0033,12731475236,0.5,0.3,0.5
H0060_0034,12787864239,0.5,0.3,0.5
H0060_0035,12565104409,0.5,0.3,0.5
H0060_0036,3758452439,0.5,0.3,0.5
H0060_0037,302742478,0.5,0.3,0.5
H0060_0038,302742399,0.5,0.3,0.5
H0060_0039,10720924158,0.5,0.3,0.5
H0060_0040,1676857165,0.5,0.3,0.5
H0060_0041,10762109688,0.5,0.3,0.5
H0060_0042,7928005193,0.5,0.3,0.5
H0060_0043,314961291,0.5,0.3,0.5
H0060_0044,1336904969,0.5,0.3,0.5
H0060_0045,9094677321,0.5,0.3,0.5
H0060_0046,4242863366,0.5,0.3,0.5
H0060_0047,304734593,0.5,0.3,0.5
H0060_0048,12769998672,0.5,0.3,0.5
H0060_0049,4242864833,0.5,0.3,0.5
H0060_0050,4244292013,0.5,0.3,0.5
H0060_0051,2817246341,0.5,0.3,0.5
H0060_0052,304697331,0.5,0.3,0.5
H0060_0053,304697390,0.5,0.3,0.5
H0060_0054,12768401563,0.5,0.3,0.5
H0060_0055,12768401577,0.5,0.3,0.5
H0061_0021,13652005108,0.5,0.3,0.5
H0061_0022,13652005164,0.5,0.3,0.5
H0061_0023,12791882649,0.5,0.3,0.5
H0061_0024,2140190743,0.5,0.3,0.5
H0061_0025,4230396300,0.5,0.3,0.5
H0061_0026,9796684639,0.5,0.3,0.5
H0061_0027,12791485952,0.5,0.3,0.5
H0061_0028,12791325268,0.5,0.3,0.5
H0061_0029,1674798928,0.5,0.3,0.5
H0061_0030,13479531068,0.5,0.3,0.5
H0061_0031,1676722898,0.5,0.3,0.5
H0061_0032,11245254256,0.5,0.3,0.5
H0061_0033,1676723117,0.5,0.3,0.5
H0061_0034,8022340239,0.5,0.3,0.5
H0061_0035,12732693516,0.5,0.3,0.5
H0061_0036,12787823749,0.5,0.3,0.5
H0061_0037,366517702,0.5,0.3,0.5
H0061_0038,12787726771,0.5,0.3,0.5
H0061_0039,1675779149,0.5,0.3,0.5
H0061_0040,4138094680,0.5,0.3,0.5
H0061_0041,302742354,0.5,0.3,0.5
H0061_0042,1521099820,0.5,0.3,0.5
H0061_0043,12769928884,0.5,0.3,0.5
H0061_0044,304740408,0.5,0.3,0.5
H0061_0045,4242887289,0.5,0.3,0.5
H0061_0046,12731491628,0.5,0.3,0.5
H0061_0047,12769998691,0.5,0.3,0.5
H0061_0048,12769824119,0.5,0.3,0.5
H0061_0049,1762166903,0.5,0.3,0.5
H0061_0050,1695229413,0.5,0.3,0.5
H0061_0051,304696625,0.5,0.3,0.5
H0061_0052,1696284480,0.5,0.3,0.5
H0061_0053,12768401535,0.5,0.3,0.5
H0061_0054,12768401522,0.5,0.3,0.5
H0062_0020,306299195,0.5,0.3,0.5
H0062_0021,13652005063,0.5,0.3,0.5
H0062_0022,12792117626,0.5,0.3,0.5
H0062_0023,12791848898,0.5,0.3,0.5
H0062_0025,306297151,0.5,0.3,0.5
H0062_0026,4230353759,0.5,0.3,0.5
H0062_0027,6524156244,0.5,0.3,0.5
H0062_0028,12732464838,0.5,0.3,0.5
H0062_0029,12732693544,0.5,0.3,0.5
H0062_0030,8147088870,0.5,0.3,0.5
H0062_0031,13479531033,0.5,0.3,0.5
H0062_0032,302742975,0.5,0.3,0.5
H0062_0033,1676723004,0.5,0.3,0.5
H0062_0034,8168293435,0.5,0.3,0.5
H0062_0035,7389770068,0.5,0.3,0.5
H0062_0036,12607094312,0.5,0.3,0.5
H0062_0037,6339861223,0.5,0.3,0.5
H0062_0038,366517772,0.5,0.3,0.5
H0062_0039,12787726787,0.5,0.3,0.5
H0062_0040,9417741857,0.5,0.3,0.5
H0062_0041,302743086,0.5,0.3,0.5
H0062_0042,301814428,0.5,0.3,0.5
H0062_0043,4242838921,0.5,0.3,0.5
H0062_0044,4242878102,0.5,0.3,0.5
H0062_0045,5578156044,0.5,0.3,0.5
H0062_0046,1686023369,0.5,0.3,0.5
H0062_0047,10182472800,0.5,0.3,0.5
H0062_0048,12769998694,0.5,0.3,0.5
H0062_0049,1762166889,0.5,0.3,0.5
H0062_0050,304698982,0.5,0.3,0.5
H0062_0051,2161371310,0.5,0.3,0.5
H0062_0052,1762177612,0.5,0.3,0.5
H0062_0053,11505686908,0.5,0.3,0.5
H0062_0054,3577241309,0.5,0.3,0.5
H0063_0019,13644950324,0.5,0.3,0.5
H0063_0020,9626133225,0.5,0.3,0.5
H0063_0021,13652004940,0.5,0.3,0.5
H0063_0022,4230356143,0.5,0.3,0.5
H0063_0023,12791848872,0.5,0.3,0.5
H0063_0024,13666686522,0.5,0.3,0.5
H0063_0025,1674550443,0.5,0.3,0.5
H0063_0026,1674550549,0.5,0.3,0.5
H0063_0027,302964252,0.5,0.3,0.5
H0063_0028,12732693552,0.5,0.3,0.5
H0063_0029,1674798941,0.5,0.3,0.5
H0063_0030,8147088890,0.5,0.3,0.5
H0063_0031,2550989572,0.5,0.3,0.5
H0063_0032,2817659494,0.5,0.3,0.5
H0063_0033,1676723049,0.5,0.3,0.5
H0063_0034,8168293420,0.5,0.3,0.5
H0063_0035,8844592439,0.5,0.3,0.5
H0063_0036,12787823768,0.5,0.3,0.5
H0063_0037,1333605411,0.5,0.3,0.5
H0063_0038,12604521706,0.5,0.3,0.5
H0063_0039,1333588095,0.5,0.3,0.5
H0063_0040,8522653656,0.5,0.3,0.5
H0063_0041,1675787981,0.5,0.3,0.5
H0063_0042,13011475507,0.5,0.3,0.5
H0063_0043,13036810031,0.5,0.3,0.5
H0063_0044,1336911630,0.5,0.3,0.5
H0063_0045,4242865422,0.5,0.3,0.5
H0063_0046,1337032073,0.5,0.3,0.5
H0063_0047,11802276815,0.5,0.3,0.5
H0063_0048,304698973,0.5,0.3,0.5
H0063_0049,2161358988,0.5,0.3,0.5
H0063_0050,2161369349,0.5,0.3,0.5
H0063_0051,9532841658,0.5,0.3,0.5
H0063_0052,1719680117,0.5,0.3,0.5
H0064_0019,3877858786,0.5,0.3,0.5
H0064_0020,13652004830,0.5,0.3,0.5
H0064_0021,12791848834,0.5,0.3,0.5
H0064_0022,1683530161,0.5,0.3,0.5
H0064_0023,4230354780,0.5,0.3,0.5
H0064_0024,1683616632,0.5,0.3,0.5
H0064_0025,13666609775,0.5,0.3,0.5
H0064_0026,1683133784,0.5,0.3,0.5
H0064_0027,11795218787,0.5,0.3,0.5
H0064_0028,12728719280,0.5,0.3,0.5
H0064_0029,12732693576,0.5,0.3,0.5
H0064_0030,6049100072,0.5,0.3,0.5
H0064_0033,1674799108,0.5,0.3,0.5
H0064_0034,9207623051,0.5,0.3,0.5
H0064_0035,8844592428,0.5,0.3,0.5
H0064_0036,12604521732,0.5,0.3,0.5
H0064_0037,1771412280,0.5,0.3,0.5
H0064_0038,302743453,0.5,0.3,0.5
H0064_0039,302743402,0.5,0.3,0.5
H0064_0040,1333555653,0.5,0.3,0.5
H0064_0041,11783509275,0.5,0.1,0.5
H0064_0042,1333540158,0.5,0.3,0.5
H0064_0043,1333538814,0.5,0.3,0.5
H0064_0044,304734825,0.5,0.3,0.5
H0064_0045,1693307316,0.5,0.3,0.5
H0064_0046,12731491672,0.5,0.3,0.5
H0064_0047,12731491669,0.5,0.3,0.5
H0064_0048,12731491675,0.5,0.3,0.5
H0064_0049,1634571342,0.5,0.3,0.5
H0064_0050,1646145198,0.5,0.3,0.5
H0064_0051,5338117821,0.5,0.3,0.5
H0064_0052,1687702106,0.5,0.3,0.5
H0064_0053,1821516873,0.5,0.3,0.5
H0065_0016,367928605,0.5,0.3,0.5
H0065_0017,10185954678,0.5,0.3,0.5
H0065_0018,4230353709,0.5,0.3,0.5
H0065_0019,306299246,0.5,0.3,0.5
H0065_0020,2551031955,0.5,0.3,0.5
H0065_0021,4120467620,0.5,0.3,0.5
H0065_0022,13644950365,0.5,0.3,0.5
H0065_0023,1683616583,0.5,0.3,0.5
H0065_0024,10282459032,0.5,0.3,0.5
H0065_0025,306296936,0.5,0.3,0.5
H0065_0026,297414194,0.5,0.3,0.5
H0065_0027,11819306987,0.5,0.3,0.5
H0065_0028,12732693584,0.5,0.3,0.5
H0065_0029,302964224,0.5,0.3,0.5
H0065_0030,8297117023,0.5,0.3,0.5
H0065_0031,11190449900,0.3,0.1,0.3
H0065_0032,8844588991,0.5,0.3,0.5
H0065_0033,2433722241,0.5,0.3,0.5
H0065_0034,297414218,0.5,0.3,0.5
H0065_0035,11783509289,0.5,0.1,0.5
H0065_0036,11783509288,0.5,0.1,0.5
H0065_0042,11783509365,0.5,0.1,0.5
H0065_0043,12771694687,0.5,0.3,0.5
H0065_0044,13524533766,0.5,0.3,0.5
H0065_0045,1687705213,0.5,0.3,0.5
H0065_0046,1696297242,0.5,0.3,0.5
H0065_0047,1337086021,0.5,0.3,0.5
H0065_0048,1337104625,0.5,0.3,0.5
H0065_0049,1634571340,0.5,0.3,0.5
H0065_0050,1634571498,0.5,0.3,0.5
H0065_0051,1482300049,0.5,0.3,0.5
H0065_0052,7580315774,0.5,0.3,0.5
H0066_0016,10989630784,0.5,0.3,0.5
H0066_0017,2833058401,0.5,0.3,0.5
H0066_0018,10989110091,0.5,0.3,0.5
H0066_0019,10185954661,0.5,0.3,0.5
H0066_0020,6093054716,0.5,0.3,0.5
H0066_0021,9095921437,0.5,0.3,0.5
H0066_0022,12792079684,0.5,0.3,0.5
H0066_0023,12148197408,0.5,0.3,0.5
H0066_0024,9612873590,0.5,0.3,0.5
H0066_0025,3363528669,0.5,0.3,0.5
H0066_0026,1683419518,0.5,0.3,0.5
H0066_0027,1683149343,0.5,0.3,0.5
H0066_0028,11795218824,0.5,0.3,0.5
H0066_0029,8443712648,0.5,0.3,0.5
H0066_0030,8443711109,0.5,0.3,0.5
H0066_0031,10765498098,0.5,0.3,0.5
H0066_0032,297414210,0.5,0.3,0.5
H0066_0033,302964118,0.5,0.3,0.5
H0066_0034,11783509294,0.5,0.3,0.5
H0066_0044,11783501667,0.5,0.1,0.5
H0066_0045,12771694732,0.5,0.3,0.5
H0066_0046,10965191125,0.5,0.3,0.5
H0066_0048,10965183585,0.5,0.3,0.5
H0066_0049,5338115314,0.5,0.3,0.5
H0066_0050,7580324942,0.5,0.3,0.5
H0066_0051,12768149297,0.5,0.3,0.5
H0066_0052,12768149294,0.5,0.3,0.5
H0067_0016,6093049238,0.5,0.3,0.5
H0067_0017,2833058304,0.5,0.3,0.5
H0067_0018,6093054724,0.5,0.3,0.5
H0067_0019,6093049135,0.5,0.3,0.5
H0067_0020,4230356132,0.5,0.3,0.5
H0067_0021,9095921431,0.5,0.3,0.5
H0067_0022,9603355735,0.5,0.3,0.5
H0067_0023,2844479900,0.5,0.3,0.5
H0067_0024,13075574229,0.5,0.3,0.5
H0067_0025,13075574254,0.5,0.3,0.5
H0067_0026,12787864222,0.5,0.3,0.5
H0067_0027,4229925893,0.5,0.3,0.5
H0067_0028,12641784763,0.5,0.3,0.5
H0067_0029,12641784775,0.5,0.3,0.5
H0067_0031,315379825,0.5,0.1,0.5
H0067_0032,11783509302,0.5,0.3,0.5
H0067_0033,11783509298,0.5,0.3,0.5
H0067_0044,11783501665,0.5,0.1,0.5
H0067_0045,10300286341,0.5,0.3,0.5
H0067_0046,2140331534,0.5,0.3,0.5
H0067_0047,13524533780,0.5,0.3,0.5
H0067_0048,11783509361,0.5,0.3,0.5
H0067_0049,11783501643,0.5,0.3,0.5
H0067_0050,12768197113,0.5,0.3,0.5
H0068_0015,6229927409,0.5,0.3,0.5
H0068_0016,10185954636,0.5,0.3,0.5
H0068_0017,6093049202,0.5,0.3,0.5
H0068_0018,1912111979,0.5,0.3,0.5
H0068_0019,6093049092,0.5,0.3,0.5
H0068_0020,6093047863,0.5,0.3,0.5
H0068_0021,11243787770,0.5,0.3,0.5
H0068_0022,9949070594,0.5,0.3,0.5
H0068_0023,3733079068,0.5,0.3,0.5
H0068_0024,2971775879,0.5,0.3,0.5
H0068_0025,1683419476,0.5,0.3,0.5
H0068_0026,4230313555,0.5,0.3,0.5
H0068_0027,1959410503,0.5,0.3,0.5
H0068_0028,11795188462,0.5,0.3,0.5
H0068_0029,8305267971,0.5,0.3,0.5
H0068_0031,460984908,0.5,0.1,0.3
H0068_0032,315379824,0.5,0.1,0.5
H0068_0045,11783501664,0.5,0.3,0.5
H0068_0046,12771694752,0.5,0.3,0.5
H0068_0047,2716878303,0.5,0.3,0.5
H0068_0048,11783501650,0.5,0.3,0.5
H0068_0049,11527564842,0.5,0.3,0.5
H0069_0015,6093049257,0.5,0.3,0.5
H0069_0016,9171427497,0.5,0.3,0.5
H0069_0017,9171480571,0.5,0.3,0.5
H0069_0018,6093049103,0.5,0.3,0.5
H0069_0019,6093047884,0.5,0.3,0.5
H0069_0020,11277029428,0.5,0.3,0.5
H0069_0021,11277029459,0.5,0.3,0.5
H0069_0022,2842383207,0.5,0.3,0.5
H0069_0023,6149519804,0.5,0.3,0.5
H0069_0024,11847828107,0.5,0.3,0.5
H0069_0025,11795420526,0.5,0.3,0.5
H0069_0026,7620412418,0.5,0.3,0.5
H0069_0027,10969389985,0.5,0.3,0.5
H0069_0028,9095905603,0.5,0.3,0.5
H0069_0029,1959410634,0.5,0.3,0.5
H0069_0030,7354564223,0.5,0.3,0.5
H0069_0031,7354564228,0.5,0.1,0.3
H0069_0032,4241778023,0.5,0.1,0.5
H0069_0045,460815980,0.5,0.3,0.5
H0069_0046,1692448608,0.5,0.3,0.5
H0069_0047,12424652965,0.5,0.3,0.5
H0069_0048,5364017472,0.5,0.3,0.5
H0069_0049,11527564851,0.5,0.3,0.5
H0070_0016,10989630785,0.5,0.3,0.5
H0070_0017,1075548256,0.5,0.3,0.5
H0070_0018,2844479897,0.5,0.3,0.5
H0070_0019,1075548295,0.5,0.3,0.5
H0070_0020,11277029451,0.5,0.3,0.5
H0070_0022,11277029434,0.5,0.3,0.5
H0070_0023,11803457978,0.5,0.3,0.5
H0070_0024,6170668966,0.5,0.3,0.5
H0070_0025,1499300917,0.5,0.3,0.5
H0070_0026,11795420506,0.5,0.3,0.5
H0070_0028,11795420545,0.5,0.3,0.5
H0070_0029,11532523975,0.5,0.3,0.5
H0070_0030,460914084,0.5,0.3,0.5
H0070_0031,460985089,0.5,0.3,0.5
H0070_0032,460927352,0.5,0.3,0.5
H0070_0033,11803458056,0.5,0.3,0.5
H0070_0034,315379816,0.5,0.3,0.5
H0070_0046,460831841,0.5,0.3,0.5
H0070_0047,7948289895,0.5,0.3,0.5
H0070_0048,11527564852,0.5,0.3,0.5
H0070_0049,11527564867,0.5,0.3,0.5
H0071_0016,10185954765,0.5,0.3,0.5
H0071_0017,6086126706,0.5,0.3,0.5
H0071_0018,6975211183,0.5,0.3,0.5
H0071_0019,6093049326,0.5,0.3,0.5
H0071_0020,10984795464,0.5,0.3,0.5
H0071_0021,11795218835,0.5,0.3,0.5
H0071_0022,13075574515,0.5,0.3,0.5
H0071_0023,1683419392,0.5,0.3,0.5
H0071_0024,13075574265,0.5,0.3,0.5
H0071_0025,11293289237,0.5,0.3,0.5
H0071_0026,11727195684,0.5,0.3,0.5
H0071_0027,7620412456,0.5,0.3,0.5
H0071_0028,315381082,0.5,0.3,0.5
H0071_0029,460984536,0.5,0.3,0.5
H0071_0030,2817142002,0.5,0.3,0.5
H0071_0031,2817144587,0.5,0.3,0.5
H0071_0032,4241778004,0.5,0.3,0.5
H0071_0033,4241778012,0.5,0.1,0.5
H0071_0045,460815609,0.5,0.3,0.5
H0071_0046,460811662,0.5,0.3,0.5
H0071_0047,304618715,0.5,0.3,0.5
H0071_0048,304617231,0.5,0.3,0.5
H0071_0049,12424652961,0.5,0.3,0.5
H0072_0015,10989630797,0.5,0.3,0.5
H0072_0016,306223916,0.5,0.3,0.5
H0072_0017,12656761390,0.5,0.3,0.5
H0072_0018,6086126787,0.5,0.3,0.5
H0072_0019,6093049270,0.5,0.3,0.5
H0072_0020,306223499,0.5,0.3,0.5
H0072_0021,1767838635,0.5,0.3,0.5
H0072_0022,11293289252,0.5,0.1,0.3
H0072_0023,11293289246,0.5,0.1,0.3
H0072_0024,11293289243,0.5,0.3,0.3
H0072_0025,11293289241,0.5,0.3,0.5
H0072_0026,11293289233,0.5,0.3,0.5
H0072_0027,11293289229,0.5,0.3,0.5
H0072_0028,8567992299,0.5,0.3,0.5
H0072_0029,315381085,0.5,0.3,0.5
H0072_0030,315381086,0.5,0.3,0.5
H0072_0031,460916521,0.5,0.3,0.5
H0072_0032,460904225,0.5,0.3,0.5
H0072_0033,2817153807,0.5,0.1,0.5
H0072_0034,461001991,0.5,0.1,0.5
H0072_0035,4241782001,0.5,0.3,0.3
H0072_0048,304618717,0.5,0.3,0.5
H0072_0049,1692448628,0.5,0.3,0.5
H0073_0014,306223896,0.5,0.1,0.5
H0073_0015,6086089286,0.5,0.1,0.5
H0073_0016,2551007719,0.5,0.3,0.5
H0073_0017,12656782705,0.5,0.3,0.5
H0073_0018,6093049280,0.5,0.3,0.5
H0073_0019,1075548260,0.5,0.3,0.5
H0073_0020,11288867320,0.5,0.3,0.5
H0073_0021,265659926,0.5,0.3,0.5
H0073_0022,1684754778,0.5,0.3,0.5
H0073_0023,1684754783,0.5,0.3,0.5
H0073_0027,8567992305,0.5,0.3,0.5
H0073_0031,1692037020,0.5,0.3,0.5
H0073_0032,460903974,0.5,0.3,0.5
H0073_0033,461001893,0.5,0.1,0.5
H0073_0034,461002074,0.5,0.1,0.3
H0073_0035,2814813324,0.5,0.3,0.3
H0074_0014,7007083454,0.5,0.1,0.5
H0074_0015,2551007781,0.5,0.1,0.5
H0074_0016,2551007757,0.5,0.1,0.5
H0074_0017,2551007746,0.5,0.1,0.5
H0074_0018,6093049289,0.5,0.1,0.5
H0074_0019,6093049298,0.5,0.3,0.5
H0074_0020,1075548286,0.5,0.3,0.5
H0074_0021,12798455660,0.5,0.3,0.5
H0074_0022,9466602046,0.5,0.3,0.5
H0074_0023,12728477228,0.5,0.3,0.5
H0074_0024,6293681656,0.5,0.3,0.5
H0074_0025,265659916,0.5,0.3,0.5
H0074_0031,8567992285,0.5,0.1,0.3
H0074_0032,8567992271,0.5,0.1,0.3
H0074_0033,460913592,0.5,0.3,0.5
H0074_0034,315381751,0.5,0.3,0.5
H0074_0035,7620412463,0.5,0.3,0.3
H0075_0014,6948798835,0.5,0.1,0.3
H0075_0015,10185850467,0.5,0.1,0.3
H0075_0017,11727195728,0.5,0.1,0.5
H0075_0018,6989876509,0.5,0.1,0.5
H0075_0019,8467708169,0.5,0.3,0.5
H0075_0020,6149567919,0.5,0.3,0.5
H0075_0022,12800871822,0.5,0.3,0.5
H0075_0023,12798455652,0.5,0.3,0.5
H0075_0024,12798455623,0.5,0.3,0.5
H0075_0025,12798455703,0.5,0.3,0.5
H0075_0026,265659912,0.5,0.3,0.5
H0075_0027,265659911,0.5,0.3,0.5
H0075_0031,8567992266,0.5,0.1,0.3
H0075_0032,8567992275,0.5,0.1,0.3
H0075_0033,315381465,0.5,0.3,0.5
H0075_0034,7620412466,0.5,0.3,0.5
H0075_0035,7620415576,0.5,0.3,0.3
H0075_0036,315381272,0.5,0.3,0.3
H0075_0037,315381281,0.5,0.3,0.3
H0076_0015,6948798804,0.5,0.1,0.3
H0076_0016,10185850511,0.5,0.1,0.3
H0076_0018,6990075663,0.5,0.1,0.5
H0076_0019,4230313514,0.5,0.3,0.5
H0076_0020,6149567917,0.5,0.3,0.5
H0076_0026,10875049650,0.5,0.3,0.5
H0076_0027,4242571114,0.5,0.3,0.5
H0076_0028,1688374316,0.5,0.3,0.5
H0076_0029,12531984404,0.5,0.3,0.5
H0076_0034,1692037033,0.5,0.3,0.5
H0076_0035,315381452,0.5,0.3,0.5
H0076_0036,315381331,0.5,0.3,0.3
H0076_0037,2814816868,0.5,0.3,0.3
H0077_0015,6948798797,0.5,0.1,0.3
H0077_0016,10185850502,0.5,0.1,0.3
H0077_0017,2833044701,0.5,0.1,0.3
H0077_0018,10185850417,0.5,0.1,0.5
H0077_0019,8467801131,0.5,0.1,0.5
H0077_0026,10875049654,0.5,0.3,0.5
H0077_0027,6267835216,0.5,0.3,0.5
H0077_0028,6339832471,0.5,0.3,0.5
H0077_0029,1688374447,0.5,0.3,0.5
H0077_0030,1688374494,0.5,0.3,0.5
H0077_0034,7620412461,0.5,0.3,0.5
H0077_0035,315381332,0.5,0.3,0.5
H0078_0017,10185850495,0.5,0.1,0.3
H0078_0018,13248902255,0.5,0.1,0.3
H0078_0019,13248789848,0.5,0.1,0.3
H0078_0027,12800871799,0.5,0.3,0.5
H0078_0028,10875049659,0.5,0.3,0.5
H0078_0029,4242596805,0.5,0.3,0.5
H0078_0031,265659817,0.5,0.3,0.3
H0078_0035,315381096,0.5,0.3,0.5
H0078_0036,315381098,0.5,0.3,0.5
H0079_0017,13248902231,0.5,0.1,0.3
H0079_0018,13248789863,0.5,0.1,0.3
H0079_0028,12800871786,0.5,0.3,0.5
H0079_0029,12798455601,0.5,0.3,0.5
H0079_0032,1688374515,0.5,0.3,0.5
H0080_0029,10875049662,0.5,0.3,0.5
H0080_0030,10875049663,0.5,0.3,0.5
H0080_0031,6667967517,0.5,0.3,0.5
H0080_0032,306146053,0.5,0.3,0.5
H0080_0033,11260191606,0.5,0.3,0.3
H0081_0030,10875049664,0.5,0.3,0.5
H0081_0031,11165605602,0.5,0.3,0.5
H0081_0032,12531973896,0.5,0.3,0.3
H0082_0031,10875049666,0.5,0.3,0.5
H0082_0032,1687418211,0.5,0.3,0.5
H0082_0033,1691892263,0.5,0.3,0.3
H0083_0031,12800871761,0.5,0.3,0.3
H0083_0032,12798426588,0.5,0.3,0.3
H0083_0033,3961529297,0.5,0.3,0.5
H0084_0032,10875049670,0.5,0.3,0.3
H0084_0033,12798426585,0.5,0.3,0.3
H0084_0034,265659781,0.5,0.3,0.3
H0085_0033,12800871737,0.5,0.3,0.3
H0085_0034,1688401743,0.5,0.3,0.3
