id,lon,lat
d0,9.0206203,39.1624461
d1,9.0304935,39.1650632
d2,9.0302825,39.1666441
d3,9.0299427,39.1674105
d4,9.0333197,39.1677057
d5,9.0300345,39.1678524
d6,9.030151,39.1679733
d7,9.0305077,39.1683497
d8,9.0314326,39.1684038
d9,9.0330249,39.1684046
d10,9.0319595,39.1689827
d11,9.0344928,39.1690289
d12,9.0323923,39.1693965
d13,9.0383768,39.1737483
d14,9.030036,39.1742336
d15,9.0305501,39.1743022
d16,9.0279825,39.1760856
d17,9.0286934,39.1762324
d18,9.029404,39.1763808
d19,9.1589327,39.1818683
d20,9.161278,39.1833957
d21,9.159729,39.1834388
d22,9.1608405,39.183604
d23,9.1613578,39.1836745
d24,9.1610333,39.1838426
d25,9.1475914,39.1845556
d26,9.1524227,39.1867476
d27,9.1516115,39.1868371
d28,9.1422235,39.1869085
d29,9.1533797,39.187482
d30,9.1656181,39.1878537
d31,9.1656542,39.1878841
d32,9.1514718,39.1881276
d33,9.1657858,39.1881922
d34,9.1656596,39.1882924
d35,9.1531447,39.1884424
d36,9.1652493,39.1886558
d37,9.1650328,39.1887141
d38,9.1409357,39.1889735
d39,9.1680613,39.1892304
d40,9.1681085,39.1892827
d41,9.1413145,39.1892956
d42,9.1407768,39.1899166
d43,9.1500569,39.1899821
d44,9.1397698,39.1900524
d45,9.1393099,39.1902984
d46,9.1405133,39.1903317
d47,9.1652297,39.1903719
d48,9.1394487,39.1903965
d49,9.14056,39.1904429
d50,9.1403791,39.1904689
d51,9.140751,39.1905199
d52,9.1397162,39.1905856
d53,9.1406982,39.1907665
d54,9.1399965,39.1907882
d55,9.1399376,39.1908645
d56,9.1393249,39.1908748
d57,9.1399918,39.1908863
d58,9.1495271,39.1909398
d59,9.1495149,39.1909793
d60,9.1403156,39.1911048
d61,9.1398974,39.1911202
d62,9.1616654,39.1911599
d63,9.1382691,39.1912578
d64,9.1607633,39.191286
d65,9.1448873,39.1913904
d66,9.1397398,39.191392
d67,9.1400227,39.1913989
d68,9.1391112,39.1914884
d69,9.1614933,39.1915094
d70,9.1408216,39.1915358
d71,9.1406992,39.1915577
d72,9.1501013,39.1916068
d73,9.1403363,39.1916488
d74,9.1403082,39.1916633
d75,9.1374588,39.1917323
d76,9.1451709,39.1917614
d77,9.1375444,39.1917985
d78,9.1407361,39.191819
d79,9.1409112,39.1918379
d80,9.1407236,39.1918706
d81,9.1450644,39.1919148
d82,9.1404246,39.1920418
d83,9.1405338,39.1920661
d84,9.1523,39.1923063
d85,9.1615697,39.1923996
d86,9.1391856,39.1924001
d87,9.1524492,39.1924022
d88,9.1407474,39.1924379
d89,9.1389568,39.1925023
d90,9.1397358,39.1925124
d91,9.1523198,39.1925387
d92,9.1388152,39.1925788
d93,9.138809,39.1926143
d94,9.1598002,39.1926464
d95,9.1402839,39.1926844
d96,9.1615337,39.1927034
d97,9.1387398,39.1927981
d98,9.1597364,39.1927991
d99,9.1386917,39.1928383
d100,9.1371095,39.193048
d101,9.1599944,39.1930939
d102,9.1384007,39.1931386
d103,9.1596612,39.1931763
d104,9.1353089,39.1932609
d105,9.1398167,39.1932719
d106,9.1361364,39.1934353
d107,9.1356393,39.1934831
d108,9.1584131,39.1935638
d109,9.1599691,39.1935658
d110,9.1574079,39.1938323
d111,9.1351045,39.1939242
d112,9.157852,39.1942741
d113,9.1567569,39.1943216
d114,9.061493,39.1943253
d115,9.1568771,39.1943352
d116,9.156255,39.1943535
d117,9.1552778,39.1943922
d118,9.157842,39.1944782
d119,9.1577014,39.1945561
d120,9.1585586,39.1946702
d121,9.1586689,39.1946789
d122,9.1574773,39.1946803
d123,9.1574286,39.1947073
d124,9.1586231,39.1947186
d125,9.1571858,39.1947553
d126,9.0598538,39.1947926
d127,9.0623763,39.1948422
d128,9.1575472,39.1950951
d129,9.1536429,39.1951894
d130,9.1590419,39.1952203
d131,9.1590685,39.1953032
d132,9.1409039,39.19537
d133,9.1584536,39.19539
d134,9.1576636,39.1954984
d135,9.1347456,39.1956871
d136,9.1459607,39.1958749
d137,9.1469119,39.1961483
d138,9.1456709,39.1961773
d139,9.1423643,39.1961822
d140,9.1513777,39.1964029
d141,9.1502263,39.1964164
d142,9.1593419,39.1964852
d143,9.1470839,39.1964948
d144,9.1593565,39.1965784
d145,9.1459348,39.1965909
d146,9.14604,39.1966231
d147,9.1593715,39.1966517
d148,9.1587365,39.1966618
d149,9.1478904,39.196702
d150,9.133414,39.1967169
d151,9.1467237,39.1967573
d152,9.1577995,39.1967803
d153,9.1519324,39.1967939
d154,9.1519943,39.1968104
d155,9.1517987,39.1968489
d156,9.1522362,39.1968644
d157,9.1578313,39.1968845
d158,9.1533906,39.1969858
d159,9.1446647,39.1969934
d160,9.1519614,39.1970212
d161,9.133653,39.1971689
d162,9.1442145,39.1971931
d163,9.133679,39.1971998
d164,9.1499322,39.1972531
d165,9.1443456,39.1972697
d166,9.1506479,39.1972879
d167,9.1532663,39.1973303
d168,9.141189,39.1973319
d169,9.1348979,39.1974438
d170,9.1477032,39.1974825
d171,9.1524149,39.1975187
d172,9.1504043,39.1975786
d173,9.1510304,39.1976712
d174,9.1520228,39.1977456
d175,9.1532078,39.197755
d176,9.1524791,39.1978934
d177,9.1523132,39.1979869
d178,9.1498872,39.1980504
d179,9.1530851,39.1981437
d180,9.1493679,39.1981641
d181,9.1597297,39.1982614
d182,9.1529048,39.1982796
d183,9.148055,39.1982828
d184,9.1496099,39.1982902
d185,9.148144,39.1982975
d186,9.148,39.1983128
d187,9.1514358,39.1983688
d188,9.1597587,39.1983917
d189,9.1519401,39.1984222
d190,9.1597753,39.1984576
d191,9.1483881,39.1985393
d192,9.1597975,39.198558
d193,9.1583549,39.1986019
d194,9.1520978,39.1986027
d195,9.1596226,39.1986257
d196,9.1503886,39.1986775
d197,9.1503528,39.1986986
d198,9.1482122,39.1987041
d199,9.1583854,39.1987206
d200,9.1485041,39.1988024
d201,9.1469805,39.1988687
d202,9.1468813,39.1989228
d203,9.1478102,39.1990016
d204,9.151264,39.1992009
d205,9.1472564,39.1992437
d206,9.1493175,39.1992848
d207,9.1473502,39.1992873
d208,9.1389261,39.199436
d209,9.1383188,39.1994606
d210,9.1529059,39.1996096
d211,9.1478323,39.1996846
d212,9.152277,39.1997713
d213,9.1534253,39.1998393
d214,9.1463386,39.1998477
d215,9.1602953,39.1998651
d216,9.1602405,39.1998869
d217,9.1499438,39.1999312
d218,9.1602754,39.1999516
d219,9.1520685,39.1999838
d220,9.160195,39.1999872
d221,9.151567,39.1999947
d222,9.1603203,39.2000052
d223,9.1499262,39.2000143
d224,9.1602234,39.2000285
d225,9.1603636,39.2000647
d226,9.1600435,39.2000727
d227,9.1501074,39.2001392
d228,9.1473153,39.2001449
d229,9.1523515,39.2001587
d230,9.1490624,39.2001651
d231,9.1597632,39.2001909
d232,9.1499373,39.2002486
d233,9.1516432,39.2002698
d234,9.0714783,39.2003691
d235,9.1491551,39.2003966
d236,9.149016,39.2004083
d237,9.1591876,39.2004235
d238,9.1503317,39.2004252
d239,9.1485532,39.2004406
d240,9.1499938,39.2005046
d241,9.1509612,39.2005363
d242,9.1502013,39.2005533
d243,9.1492796,39.2006161
d244,9.0710146,39.2006285
d245,9.1516358,39.200657
d246,9.1489912,39.2006683
d247,9.1487783,39.200671
d248,9.148723,39.2007154
d249,9.1517466,39.2007355
d250,9.1312014,39.2007482
d251,9.1608698,39.2007594
d252,9.1504579,39.2007621
d253,9.1515124,39.2007637
d254,9.1516959,39.2007835
d255,9.1515634,39.2007968
d256,9.1309654,39.2008009
d257,9.1517286,39.2008064
d258,9.160928,39.200832
d259,9.148791,39.2008327
d260,9.1288548,39.2008915
d261,9.1464789,39.2009012
d262,9.1501787,39.200907
d263,9.1609848,39.2009142
d264,9.1495194,39.2009324
d265,9.1494705,39.2009596
d266,9.1428381,39.2009698
d267,9.1610231,39.2009706
d268,9.1300025,39.2009746
d269,9.1362107,39.2009947
d270,9.1507168,39.2010149
d271,9.1482806,39.2010425
d272,9.1481422,39.2011332
d273,9.1361861,39.2011583
d274,9.1501467,39.2011754
d275,9.1282437,39.2012026
d276,9.1419332,39.2012054
d277,9.1429741,39.2012208
d278,9.138183,39.201229
d279,9.1288097,39.2012515
d280,9.1291624,39.2012819
d281,9.1382247,39.2012946
d282,9.137765,39.2013119
d283,9.1400467,39.2013122
d284,9.1498795,39.2013205
d285,9.1297973,39.2013324
d286,9.151051,39.2013408
d287,9.1380735,39.2013587
d288,9.1497904,39.2013689
d289,9.1306614,39.2013991
d290,9.140524,39.2014062
d291,9.1606397,39.2014101
d292,9.1411326,39.2014162
d293,9.13117,39.2014373
d294,9.1504864,39.2014634
d295,9.1595644,39.2014839
d296,9.1598569,39.201496
d297,9.1614398,39.2015128
d298,9.1457404,39.201553
d299,9.1335535,39.2015721
d300,9.1614829,39.2015765
d301,9.1295491,39.2015915
d302,9.1596457,39.2015916
d303,9.141998,39.2016068
d304,9.1488479,39.20161
d305,9.1615324,39.2016391
d306,9.1291193,39.2016798
d307,9.1600079,39.201695
d308,9.1500826,39.2017006
d309,9.1356612,39.2017261
d310,9.1395956,39.2017395
d311,9.1417165,39.2017437
d312,9.1436067,39.2017448
d313,9.1291084,39.201748
d314,9.1304758,39.2017747
d315,9.147173,39.201777
d316,9.1415842,39.2018012
d317,9.1411972,39.2018075
d318,9.1307379,39.2018106
d319,9.1304617,39.2018141
d320,9.1436001,39.2018204
d321,9.141514,39.2018865
d322,9.1276109,39.2019402
d323,9.1410798,39.2019416
d324,9.1334909,39.2019946
d325,9.1358574,39.2020064
d326,9.1272354,39.2020068
d327,9.1380197,39.2020221
d328,9.1323799,39.2020302
d329,9.1414495,39.2020324
d330,9.1481685,39.2020376
d331,9.1401254,39.2020593
d332,9.1410704,39.2020667
d333,9.1618619,39.2020902
d334,9.1331349,39.2021198
d335,9.1450242,39.2021523
d336,9.131921,39.2021597
d337,9.1410618,39.2021663
d338,9.1619327,39.2021809
d339,9.1330059,39.202195
d340,9.1385651,39.2022353
d341,9.1382228,39.2022527
d342,9.1448963,39.2022578
d343,9.1619938,39.2022618
d344,9.1328663,39.2022764
d345,9.1448534,39.2022933
d346,9.1253404,39.2023006
d347,9.1316529,39.2023196
d348,9.1489004,39.2023211
d349,9.1349236,39.2024183
d350,9.1284299,39.202423
d351,9.1613854,39.2024335
d352,9.1612683,39.2024872
d353,9.1391701,39.2024962
d354,9.1381922,39.202508
d355,9.1453337,39.2025522
d356,9.1483373,39.2025619
d357,9.1495209,39.2025868
d358,9.1435325,39.202591
d359,9.1444506,39.2026148
d360,9.1609758,39.2026214
d361,9.148197,39.2026274
d362,9.1442469,39.2026291
d363,9.1405071,39.2026731
d364,9.12988,39.202704
d365,9.1607969,39.2027046
d366,9.1265797,39.2027227
d367,9.1620934,39.202723
d368,9.1294733,39.2027459
d369,9.1620189,39.2027527
d370,9.1619255,39.2027542
d371,9.1615956,39.2027611
d372,9.1612282,39.2027621
d373,9.1404364,39.2027756
d374,9.129339,39.2027784
d375,9.161792,39.2027847
d376,9.1619454,39.2027889
d377,9.132008,39.2027916
d378,9.1618094,39.2028299
d379,9.1620252,39.2028377
d380,9.1621855,39.202867
d381,9.1264228,39.2028969
d382,9.1611932,39.2029075
d383,9.1620568,39.2029233
d384,9.1618629,39.2029297
d385,9.1434971,39.2029791
d386,9.1377973,39.2030005
d387,9.1437647,39.2030137
d388,9.162576,39.2030301
d389,9.1613033,39.2030523
d390,9.1409726,39.2030685
d391,9.1448053,39.2030814
d392,9.1292704,39.2030852
d393,9.1626243,39.2030987
d394,9.1434825,39.2031362
d395,9.1626663,39.2031623
d396,9.1363331,39.2031643
d397,9.1352034,39.2031975
d398,9.1411387,39.2032271
d399,9.1443194,39.2032904
d400,9.1619764,39.2033746
d401,9.12602,39.2034624
d402,9.1617223,39.2034812
d403,9.1451,39.2034862
d404,9.1386393,39.2035024
d405,9.1614173,39.2035421
d406,9.162969,39.2035703
d407,9.1630101,39.2036195
d408,9.1347468,39.2036374
d409,9.1400932,39.2036548
d410,9.1629192,39.2036561
d411,9.1630351,39.2036585
d412,9.1257275,39.2036704
d413,9.1446202,39.2036887
d414,9.1629495,39.2036954
d415,9.145276,39.2037053
d416,9.1630925,39.2037264
d417,9.1628058,39.2037333
d418,9.1398539,39.2037633
d419,9.1225736,39.2037759
d420,9.139681,39.203826
d421,9.13241,39.2038566
d422,9.1434006,39.2040295
d423,9.125388,39.204031
d424,9.1439023,39.204052
d425,9.1459257,39.2040627
d426,9.1619457,39.2041259
d427,9.1357986,39.2041712
d428,9.1379759,39.2041815
d429,9.1373222,39.2041923
d430,9.1282317,39.2041999
d431,9.1617896,39.2042046
d432,9.134168,39.2042212
d433,9.1354493,39.2042342
d434,9.1618033,39.2042396
d435,9.1251587,39.204283
d436,9.1635333,39.2043084
d437,9.1436804,39.2043302
d438,9.1635816,39.2043776
d439,9.1437875,39.2044008
d440,9.133828,39.2044015
d441,9.1220466,39.2044044
d442,9.1254171,39.2044132
d443,9.1351789,39.2044151
d444,9.1618744,39.2044215
d445,9.1433236,39.2044275
d446,9.1636319,39.2044535
d447,9.1430372,39.2045016
d448,9.135839,39.2045523
d449,9.1384816,39.2045738
d450,9.128121,39.204579
d451,9.1248601,39.2046163
d452,9.1423566,39.2046263
d453,9.1457989,39.2046275
d454,9.1341654,39.2046553
d455,9.1204711,39.2046779
d456,9.1433757,39.2047166
d457,9.1251249,39.2047271
d458,9.1386505,39.2047279
d459,9.146019,39.2047885
d460,9.138528,39.2047936
d461,9.0846982,39.2047939
d462,9.1638898,39.2048016
d463,9.162619,39.2048178
d464,9.1431485,39.2048598
d465,9.1639463,39.2048871
d466,9.1246075,39.204898
d467,9.1639882,39.2049391
d468,9.1340193,39.2049559
d469,9.1473991,39.2049613
d470,9.1339175,39.2049658
d471,9.1386126,39.2049824
d472,9.1466601,39.204985
d473,9.1465964,39.2049861
d474,9.1495896,39.2049929
d475,9.1398338,39.204995
d476,9.1407872,39.2049951
d477,9.1420873,39.2049955
d478,9.1416268,39.2049977
d479,9.162829,39.2050126
d480,9.1469124,39.205014
d481,9.1337682,39.2050241
d482,9.1248564,39.2050309
d483,9.1419014,39.2050453
d484,9.1465215,39.2050543
d485,9.1423186,39.2050695
d486,9.1425217,39.2050732
d487,9.1327524,39.205133
d488,9.1260386,39.2051505
d489,9.1328539,39.2051632
d490,9.1625044,39.2051881
d491,9.1305416,39.2052383
d492,9.146313,39.2052553
d493,9.1432886,39.2052654
d494,9.1419012,39.2052666
d495,9.163162,39.2052781
d496,9.144203,39.2052839
d497,9.1462137,39.2052952
d498,9.1469215,39.2052954
d499,9.1418528,39.2052964
d500,9.1416244,39.2052973
d501,9.1419652,39.2053027
d502,9.1242264,39.2053214
d503,9.1419086,39.2053521
d504,9.1643195,39.2053759
d505,9.1260689,39.2053839
d506,9.1622673,39.2054196
d507,9.1469255,39.2054201
d508,9.1643536,39.2054334
d509,9.1240532,39.2054503
d510,9.1419062,39.2054525
d511,9.1477731,39.205476
d512,9.0855224,39.2054848
d513,9.1468469,39.2054868
d514,9.1439492,39.2055237
d515,9.1241949,39.2055239
d516,9.1463018,39.205551
d517,9.1298254,39.2055705
d518,9.1242423,39.2056044
d519,9.1469317,39.2056116
d520,9.1421521,39.2056345
d521,9.1458377,39.2056517
d522,9.1461424,39.2056517
d523,9.1461894,39.2056521
d524,9.1443074,39.2057164
d525,9.1636689,39.205725
d526,9.1496397,39.2057378
d527,9.1454246,39.2057389
d528,9.1468455,39.2057574
d529,9.1624617,39.2059136
d530,9.1454318,39.2059736
d531,9.0824548,39.206071
d532,9.1434458,39.2060813
d533,9.1246819,39.2061141
d534,9.1650951,39.2061993
d535,9.1440888,39.2062638
d536,9.1354487,39.206324
d537,9.1496422,39.2063455
d538,9.143168,39.206366
d539,9.1647161,39.2064145
d540,9.1652738,39.2064702
d541,9.1518684,39.2064874
d542,9.0825839,39.2064888
d543,9.1648155,39.2065118
d544,9.1518495,39.2065299
d545,9.1410952,39.2065509
d546,9.1416144,39.2065543
d547,9.1428589,39.2065668
d548,9.1647084,39.2065683
d549,9.1431625,39.20657
d550,9.1492601,39.2065792
d551,9.1228248,39.2065872
d552,9.1627456,39.2066348
d553,9.1517983,39.2066407
d554,9.1316739,39.2066736
d555,9.1280032,39.2066988
d556,9.081526,39.2067169
d557,9.1514423,39.206731
d558,9.1493701,39.2067456
d559,9.1428558,39.2067705
d560,9.1238516,39.206798
d561,9.0822085,39.206802
d562,9.1295646,39.2068216
d563,9.1410686,39.2069234
d564,9.1416148,39.2069264
d565,9.1647165,39.2069381
d566,9.1431801,39.2069453
d567,9.1232353,39.2070322
d568,9.0813684,39.2070528
d569,9.1649897,39.2071448
d570,9.124745,39.2071724
d571,9.0821011,39.2072108
d572,9.1247672,39.2072441
d573,9.1661613,39.2072977
d574,9.1325858,39.2073051
d575,9.1357741,39.2073134
d576,9.0823938,39.207318
d577,9.124879,39.2073517
d578,9.1246752,39.2073955
d579,9.1249174,39.2074433
d580,9.1249312,39.2074831
d581,9.1226686,39.2075428
d582,9.1243384,39.207567
d583,9.1431357,39.2076051
d584,9.1242685,39.2076663
d585,9.083214,39.2076793
d586,9.1309455,39.2076899
d587,9.1508229,39.2077655
d588,9.1639355,39.207778
d589,9.137399,39.2077783
d590,9.1241858,39.2077809
d591,9.1532298,39.2077951
d592,9.1249788,39.20783
d593,9.1246923,39.2079073
d594,9.1382903,39.2079464
d595,9.1337225,39.2079504
d596,9.1444496,39.2080561
d597,9.1441078,39.2080577
d598,9.141755,39.2080601
d599,9.1529323,39.2080848
d600,9.1301289,39.2080925
d601,9.1334922,39.2081475
d602,9.1246083,39.208216
d603,9.1420342,39.208233
d604,9.1246705,39.2082534
d605,9.1249918,39.2083862
d606,9.1250625,39.2084308
d607,9.1513096,39.2084638
d608,9.1487106,39.2084885
d609,9.1366241,39.2085107
d610,9.1259319,39.2085195
d611,9.1207702,39.2085441
d612,9.1670366,39.2085495
d613,9.1329013,39.2086117
d614,9.1393234,39.2086949
d615,9.1537612,39.2087299
d616,9.1202606,39.2087436
d617,9.1485773,39.2087488
d618,9.1260066,39.2087742
d619,9.1147974,39.2088504
d620,9.1149231,39.2088634
d621,9.1270412,39.2088705
d622,9.1149332,39.2088763
d623,9.1245498,39.20889
d624,9.1306863,39.2088947
d625,9.1147626,39.2088981
d626,9.124237,39.2089262
d627,9.11493,39.20894
d628,9.0540587,39.2089593
d629,9.1682341,39.2090092
d630,9.1255292,39.2090259
d631,9.139,39.2090977
d632,9.1246174,39.2091127
d633,9.1397168,39.2091174
d634,9.119282,39.2091267
d635,9.135191,39.2091402
d636,9.1350254,39.2091453
d637,9.1491081,39.2091824
d638,9.1355079,39.2091983
d639,9.1395681,39.2092229
d640,9.1243837,39.209234
d641,9.1247932,39.2092546
d642,9.1678306,39.2092696
d643,9.1334794,39.2092722
d644,9.1500132,39.2092734
d645,9.1358203,39.2092969
d646,9.1438084,39.2092994
d647,9.1250248,39.2093629
d648,9.126256,39.2093935
d649,9.1543842,39.2094509
d650,9.1363405,39.2094633
d651,9.1250219,39.2095169
d652,9.1647299,39.2095259
d653,9.127434,39.2095274
d654,9.1262635,39.2095277
d655,9.1236931,39.2095281
d656,9.1365353,39.209532
d657,9.1247025,39.2095399
d658,9.1255937,39.20956
d659,9.1239264,39.2095644
d660,9.139579,39.2095919
d661,9.1493906,39.2095942
d662,9.1303936,39.2096278
d663,9.1237308,39.209631
d664,9.1244295,39.2096317
d665,9.1492744,39.2096403
d666,9.1690462,39.2096526
d667,9.149073,39.2096545
d668,9.124445,39.2096677
d669,9.1299102,39.2096815
d670,9.1364767,39.2096874
d671,9.1415841,39.2097115
d672,9.1646097,39.2097137
d673,9.1243825,39.2097218
d674,9.1646261,39.2097346
d675,9.1648992,39.2097361
d676,9.1350275,39.2097786
d677,9.1491964,39.2097863
d678,9.1693745,39.2097972
d679,9.1244046,39.2098319
d680,9.1202537,39.209836
d681,9.1538849,39.2098363
d682,9.1369921,39.2098723
d683,9.139856,39.2098795
d684,9.1142717,39.2098808
d685,9.141529,39.2098931
d686,9.1241435,39.2099002
d687,9.1417129,39.2099016
d688,9.0558452,39.2099037
d689,9.1493935,39.2099833
d690,9.1379619,39.2099944
d691,9.1229465,39.2100532
d692,9.1136919,39.2100602
d693,9.1278231,39.2100709
d694,9.1289262,39.2100717
d695,9.1456873,39.2100855
d696,9.1423766,39.210089
d697,9.1383458,39.2101343
d698,9.1398576,39.2101428
d699,9.1421153,39.2101457
d700,9.1223292,39.2101492
d701,9.1399392,39.2101557
d702,9.1423398,39.2101946
d703,9.1424686,39.2102192
d704,9.1382022,39.2102402
d705,9.1274631,39.210264
d706,9.1424535,39.2102701
d707,9.1399932,39.2103154
d708,9.1278264,39.210319
d709,9.1244056,39.2103192
d710,9.1295854,39.2103408
d711,9.1239167,39.210347
d712,9.1398309,39.2103478
d713,9.1249761,39.2103534
d714,9.1233535,39.210379
d715,9.1244617,39.210431
d716,9.1490677,39.2104411
d717,9.1207708,39.2104784
d718,9.1161272,39.2105006
d719,9.1147859,39.2105506
d720,9.1375186,39.2105694
d721,9.1399614,39.2105748
d722,9.1397958,39.2105987
d723,9.1208221,39.210621
d724,9.1253729,39.2106492
d725,9.1399407,39.2106518
d726,9.1704496,39.210664
d727,9.1299497,39.2107065
d728,9.126156,39.2107112
d729,9.1703668,39.2107228
d730,9.1364459,39.2107685
d731,9.1356858,39.210802
d732,9.123388,39.2108293
d733,9.1232247,39.2108359
d734,9.1183534,39.2108491
d735,9.1211948,39.2108503
d736,9.1247751,39.2108611
d737,9.1411789,39.2108723
d738,9.1199113,39.210899
d739,9.1200262,39.2109341
d740,9.1412114,39.2109525
d741,9.1133202,39.2109959
d742,9.1551174,39.2110109
d743,9.1412155,39.2110505
d744,9.1152335,39.2110527
d745,9.1262458,39.2110627
d746,9.1425267,39.2110781
d747,9.1192701,39.2111055
d748,9.1245083,39.2111271
d749,9.1220744,39.2111444
d750,9.1232508,39.2111811
d751,9.0990047,39.2112559
d752,9.1419236,39.2114058
d753,9.1415668,39.211418
d754,9.1712508,39.2114357
d755,9.1418468,39.2114388
d756,9.099231,39.2114671
d757,9.1198327,39.2114966
d758,9.1157106,39.2115809
d759,9.1261507,39.2116582
d760,9.1251462,39.2117058
d761,9.1220253,39.2117109
d762,9.1425709,39.2117971
d763,9.126013,39.2118451
d764,9.125813,39.2119129
d765,9.123021,39.2119426
d766,9.1296959,39.2119508
d767,9.1251756,39.21203
d768,9.1250908,39.2120458
d769,9.1152652,39.2120667
d770,9.1162519,39.2120865
d771,9.1162581,39.2121025
d772,9.1138981,39.2121097
d773,9.1225898,39.2121173
d774,9.1325748,39.2121411
d775,9.1137818,39.2122178
d776,9.1153473,39.2122294
d777,9.1240744,39.2122296
d778,9.1141031,39.2122331
d779,9.1722824,39.2122445
d780,9.1147529,39.212268
d781,9.1143137,39.2122693
d782,9.1153772,39.2122781
d783,9.1154064,39.2123321
d784,9.0914291,39.2123548
d785,9.1153806,39.2123828
d786,9.1277331,39.2123833
d787,9.1426493,39.2124039
d788,9.1153122,39.2124113
d789,9.1189889,39.2124189
d790,9.1152143,39.2124549
d791,9.1751152,39.2124573
d792,9.0988416,39.2124695
d793,9.1238967,39.2124737
d794,9.1233494,39.2124835
d795,9.147652,39.2124888
d796,9.1133367,39.2125056
d797,9.1144899,39.2125208
d798,9.172822,39.2125501
d799,9.1196454,39.2125547
d800,9.123505,39.2125676
d801,9.0919704,39.2125818
d802,9.1300803,39.2125947
d803,9.1248055,39.2126098
d804,9.1193695,39.2126178
d805,9.1326658,39.212637
d806,9.1144043,39.2126484
d807,9.1566346,39.2126552
d808,9.1156919,39.2126761
d809,9.1157259,39.2127012
d810,9.1155326,39.2127088
d811,9.1154156,39.2127132
d812,9.1431822,39.212715
d813,9.1262557,39.2127185
d814,9.1731298,39.2127238
d815,9.1103536,39.2127526
d816,9.1732633,39.2127863
d817,9.1156184,39.212824
d818,9.0900793,39.2128634
d819,9.1124859,39.212881
d820,9.1136828,39.2129638
d821,9.0912534,39.2129697
d822,9.1736593,39.2130018
d823,9.113733,39.2130036
d824,9.0991385,39.2130074
d825,9.1283383,39.2130392
d826,9.1150058,39.2130504
d827,9.1233761,39.2130742
d828,9.1193254,39.2130764
d829,9.117974,39.2130768
d830,9.1138306,39.2130895
d831,9.1139368,39.2130902
d832,9.1192582,39.2130914
d833,9.1481799,39.2130979
d834,9.1239483,39.2131018
d835,9.1156986,39.2131094
d836,9.1140155,39.2131757
d837,9.1462178,39.2131842
d838,9.1157609,39.2131862
d839,9.1245097,39.2132138
d840,9.1276998,39.2132441
d841,9.1730624,39.2132508
d842,9.1113356,39.2132718
d843,9.127402,39.2133023
d844,9.112107,39.2133075
d845,9.1169313,39.213311
d846,9.1479875,39.2133171
d847,9.1135277,39.2133172
d848,9.1273091,39.2133205
d849,9.123571,39.213331
d850,9.119007,39.2133323
d851,9.1130345,39.2133433
d852,9.1742807,39.2133478
d853,9.1153087,39.2133529
d854,9.1152775,39.2133667
d855,9.1130775,39.2133902
d856,9.1447834,39.2133982
d857,9.1461804,39.2134054
d858,9.1161037,39.213411
d859,9.1262718,39.2134422
d860,9.1234575,39.2134509
d861,9.1159906,39.2134695
d862,9.1327602,39.2134996
d863,9.1143479,39.2135177
d864,9.1746097,39.2135231
d865,9.1212759,39.2135343
d866,9.1435133,39.2135385
d867,9.1214397,39.2135564
d868,9.1149331,39.2135893
d869,9.1214613,39.2136041
d870,9.1330053,39.2136459
d871,9.1226607,39.2136509
d872,9.1212591,39.2136584
d873,9.1483018,39.2136747
d874,9.113312,39.2136818
d875,9.1213386,39.2136896
d876,9.1155746,39.2136982
d877,9.1749303,39.2137025
d878,9.1263278,39.213739
d879,9.1438672,39.2137423
d880,9.1139942,39.2137715
d881,9.0914879,39.2137736
d882,9.1146132,39.2137961
d883,9.1183825,39.213801
d884,9.1227231,39.2138099
d885,9.091143,39.2138147
d886,9.1366124,39.2138199
d887,9.1165744,39.2138589
d888,9.125125,39.2138821
d889,9.1441898,39.2139046
d890,9.1152289,39.213921
d891,9.1326556,39.2139507
d892,9.0906113,39.2139637
d893,9.112582,39.2139803
d894,9.1732045,39.2140093
d895,9.1136339,39.2140111
d896,9.1188781,39.2140132
d897,9.1241325,39.2140231
d898,9.1142572,39.2140345
d899,9.1580061,39.2140544
d900,9.1167448,39.2140825
d901,9.1206318,39.2140876
d902,9.1149165,39.2141095
d903,9.1122609,39.2141543
d904,9.1325967,39.214156
d905,9.1180036,39.2142211
d906,9.0962988,39.2142273
d907,9.1229699,39.2142327
d908,9.1248798,39.2142465
d909,9.1132815,39.2142489
d910,9.1064688,39.2142578
d911,9.1229915,39.2142776
d912,9.1501567,39.2142776
d913,9.1146553,39.2142881
d914,9.1255232,39.2142982
d915,9.1330621,39.2143081
d916,9.1145667,39.2143314
d917,9.1199107,39.2143503
d918,9.1335477,39.214363
d919,9.1118442,39.2143853
d920,9.1222536,39.2143921
d921,9.1129821,39.2144153
d922,9.1436496,39.2144195
d923,9.1170608,39.2144473
d924,9.14348,39.2144707
d925,9.096606,39.2144938
d926,9.117108,39.2144999
d927,9.0960584,39.214563
d928,9.1127028,39.2145692
d929,9.1019923,39.2145985
d930,9.0968259,39.2146045
d931,9.1147742,39.2146087
d932,9.1332747,39.2146335
d933,9.1328475,39.2146338
d934,9.1147641,39.2146355
d935,9.1145586,39.2146671
d936,9.1024962,39.2146732
d937,9.1156798,39.2146816
d938,9.1132479,39.2146888
d939,9.0960911,39.2146975
d940,9.1209701,39.2146981
d941,9.1329804,39.2146986
d942,9.1029197,39.2147214
d943,9.1371141,39.214762
d944,9.1160892,39.2147682
d945,9.1084065,39.214797
d946,9.113825,39.2148143
d947,9.0971119,39.2148302
d948,9.1122924,39.214832
d949,9.1129609,39.2148621
d950,9.1321658,39.214901
d951,9.1201975,39.2149112
d952,9.1095588,39.2149169
d953,9.1231566,39.214926
d954,9.1708121,39.2149534
d955,9.113529,39.2149535
d956,9.116128,39.2149556
d957,9.1104713,39.2149623
d958,9.1199787,39.2149727
d959,9.132529,39.2149817
d960,9.1369219,39.2150008
d961,9.1167377,39.215027
d962,9.1168419,39.2150325
d963,9.1161974,39.2150588
d964,9.1371647,39.2150681
d965,9.1125663,39.2150973
d966,9.1042524,39.2151053
d967,9.1202164,39.2151111
d968,9.1323893,39.2151169
d969,9.1008582,39.2151268
d970,9.096952,39.2151339
d971,9.1169228,39.2151372
d972,9.122455,39.2151491
d973,9.0906033,39.21515
d974,9.1132122,39.2151573
d975,9.1114039,39.2151739
d976,9.1044053,39.2151766
d977,9.1705792,39.2152131
d978,9.1153675,39.2152256
d979,9.1084582,39.215237
d980,9.1378144,39.2152393
d981,9.1599213,39.2152539
d982,9.1138352,39.2152623
d983,9.1334495,39.2152749
d984,9.1273249,39.2152855
d985,9.1110083,39.2152924
d986,9.1079711,39.2153051
d987,9.1174533,39.2153186
d988,9.1311541,39.2153222
d989,9.10046,39.2153315
d990,9.1040679,39.2153396
d991,9.131556,39.21534
d992,9.1143018,39.2153421
d993,9.1711811,39.2153738
d994,9.1128347,39.2153943
d995,9.1095933,39.215416
d996,9.1266281,39.2154347
d997,9.1703205,39.2154775
d998,9.1142302,39.215484
d999,9.1269624,39.2154896
d1000,9.1268295,39.2155079
d1001,9.0903175,39.2155203
d1002,9.1129329,39.2155206
d1003,9.1230456,39.2155229
d1004,9.1162756,39.215532
d1005,9.1749879,39.2155422
d1006,9.1136019,39.2155523
d1007,9.1307504,39.2155729
d1008,9.1118435,39.2155749
d1009,9.1319036,39.2155769
d1010,9.130415,39.2155872
d1011,9.1273392,39.2155985
d1012,9.1166522,39.21562
d1013,9.1146345,39.2156302
d1014,9.1170974,39.2156443
d1015,9.1266852,39.2156753
d1016,9.1116883,39.2156775
d1017,9.1307812,39.2156926
d1018,9.1711803,39.2156971
d1019,9.1103787,39.2157189
d1020,9.1787402,39.2157447
d1021,9.1272415,39.2157523
d1022,9.1269183,39.2157615
d1023,9.1206309,39.2157698
d1024,9.1203436,39.2157935
d1025,9.116368,39.2158308
d1026,9.1166482,39.2158411
d1027,9.1139037,39.2158634
d1028,9.1168178,39.2158636
d1029,9.1155912,39.2158658
d1030,9.1188836,39.2158787
d1031,9.1167686,39.2158811
d1032,9.1165859,39.2158907
d1033,9.1138694,39.2158982
d1034,9.116517,39.2159127
d1035,9.1342137,39.2159236
d1036,9.08985,39.2159388
d1037,9.1216045,39.2159492
d1038,9.1134577,39.2159728
d1039,9.1164491,39.2159731
d1040,9.1166171,39.2160084
d1041,9.1792237,39.2160103
d1042,9.1322158,39.2160345
d1043,9.1151033,39.216076
d1044,9.1135765,39.2160797
d1045,9.1160178,39.216094
d1046,9.1312745,39.2161042
d1047,9.102999,39.2161093
d1048,9.1163378,39.2161142
d1049,9.1097041,39.2161269
d1050,9.1262675,39.2161441
d1051,9.1003807,39.2161555
d1052,9.1141518,39.216168
d1053,9.0899452,39.2161772
d1054,9.1147109,39.2161993
d1055,9.1506555,39.2162226
d1056,9.1158231,39.2162403
d1057,9.130663,39.2162573
d1058,9.1257822,39.216262
d1059,9.1195743,39.2162759
d1060,9.1160371,39.2163003
d1061,9.1254978,39.2163421
d1062,9.1422974,39.2163578
d1063,9.1156315,39.2163633
d1064,9.0991696,39.2163877
d1065,9.125641,39.2163927
d1066,9.1167477,39.2163942
d1067,9.1115015,39.2163993
d1068,9.1127907,39.2164
d1069,9.1144133,39.2164198
d1070,9.1115267,39.2164366
d1071,9.1308132,39.2164458
d1072,9.1305284,39.2164523
d1073,9.1080626,39.216474
d1074,9.1262827,39.2165098
d1075,9.1162848,39.2165173
d1076,9.1365245,39.2165275
d1077,9.116217,39.2165353
d1078,9.1249803,39.2165561
d1079,9.1160576,39.2165801
d1080,9.1156626,39.2165878
d1081,9.1101726,39.2165916
d1082,9.1194408,39.216611
d1083,9.1262873,39.2166122
d1084,9.1162303,39.2166204
d1085,9.1175482,39.2166246
d1086,9.1092561,39.2166572
d1087,9.1135004,39.2166629
d1088,9.1094314,39.2166721
d1089,9.1314666,39.2166876
d1090,9.1249906,39.2166956
d1091,9.1171497,39.2166961
d1092,9.1253474,39.2166976
d1093,9.1154715,39.2167085
d1094,9.1168544,39.2167096
d1095,9.1167971,39.2167549
d1096,9.116788,39.2167567
d1097,9.1139351,39.2167568
d1098,9.1248451,39.2167757
d1099,9.1163136,39.2167888
d1100,9.1092333,39.2167906
d1101,9.1166286,39.2167932
d1102,9.1256537,39.216797
d1103,9.1094064,39.2168108
d1104,9.120952,39.2168166
d1105,9.1132927,39.2168249
d1106,9.1790587,39.2168268
d1107,9.1159739,39.2168755
d1108,9.108506,39.2168847
d1109,9.1258005,39.2168891
d1110,9.1159248,39.2168899
d1111,9.1354467,39.2169033
d1112,9.1137525,39.2169082
d1113,9.113164,39.2169138
d1114,9.0885952,39.2169248
d1115,9.1809067,39.2169393
d1116,9.1192957,39.2169394
d1117,9.1166396,39.2169413
d1118,9.1164779,39.2169431
d1119,9.1164824,39.2169592
d1120,9.1105553,39.2169637
d1121,9.09532,39.216973
d1122,9.1163397,39.2169733
d1123,9.1276495,39.2169755
d1124,9.1262986,39.2169777
d1125,9.1808688,39.2169799
d1126,9.1121216,39.2169879
d1127,9.1169219,39.2170037
d1128,9.1220054,39.2170207
d1129,9.118216,39.2170277
d1130,9.1121525,39.2170299
d1131,9.1135767,39.2170366
d1132,9.1303384,39.2170665
d1133,9.1143642,39.2170785
d1134,9.0962413,39.2171089
d1135,9.1285782,39.2171539
d1136,9.1146834,39.2171575
d1137,9.1134953,39.2172119
d1138,9.1799597,39.2172302
d1139,9.1174254,39.2172315
d1140,9.1347715,39.2172334
d1141,9.1133746,39.2172572
d1142,9.1187314,39.2173178
d1143,9.1089461,39.2173184
d1144,9.1183823,39.2173358
d1145,9.1082886,39.2173379
d1146,9.1156116,39.2173457
d1147,9.124919,39.2173467
d1148,9.1307968,39.2173483
d1149,9.1306269,39.2173505
d1150,9.1131824,39.2173832
d1151,9.1266052,39.2174001
d1152,9.1309253,39.2174159
d1153,9.180384,39.2174204
d1154,9.1195211,39.2174302
d1155,9.1110898,39.2174836
d1156,9.161571,39.2174965
d1157,9.1082103,39.2175065
d1158,9.1304797,39.2175182
d1159,9.1132485,39.2175239
d1160,9.1191537,39.2175421
d1161,9.1374443,39.2175678
d1162,9.1134056,39.2175862
d1163,9.1125716,39.2176005
d1164,9.1126238,39.2176772
d1165,9.1093482,39.2177033
d1166,9.13607,39.2177753
d1167,9.112321,39.2177827
d1168,9.0872021,39.2178182
d1169,9.1182485,39.2178246
d1170,9.1148903,39.2178251
d1171,9.1167446,39.2178705
d1172,9.1074137,39.2178829
d1173,9.1163117,39.2178906
d1174,9.1165383,39.2178953
d1175,9.1351731,39.2179068
d1176,9.132842,39.2179202
d1177,9.1139505,39.2179321
d1178,9.1332327,39.2179469
d1179,9.1190956,39.2179597
d1180,9.1115242,39.2179631
d1181,9.107503,39.217967
d1182,9.1337866,39.2179682
d1183,9.1159556,39.2179931
d1184,9.1150498,39.2179935
d1185,9.1151191,39.2179976
d1186,9.1152601,39.2180255
d1187,9.1194654,39.2180256
d1188,9.1158598,39.2180298
d1189,9.1248849,39.2180432
d1190,9.1115838,39.2180448
d1191,9.1156084,39.2180466
d1192,9.1350188,39.218081
d1193,9.1114574,39.218087
d1194,9.1325676,39.2180973
d1195,9.1414314,39.2181023
d1196,9.1156214,39.2181045
d1197,9.1167802,39.2181071
d1198,9.1318396,39.2181128
d1199,9.1136398,39.2181306
d1200,9.1135725,39.2181411
d1201,9.1209589,39.2181738
d1202,9.1130029,39.2182437
d1203,9.1175104,39.2182746
d1204,9.1195151,39.2182838
d1205,9.1142991,39.2183078
d1206,9.1127006,39.2183418
d1207,9.128105,39.2183617
d1208,9.1368866,39.2183797
d1209,9.1184304,39.218423
d1210,9.1124138,39.2184245
d1211,9.1114932,39.2184257
d1212,9.1330183,39.2184422
d1213,9.1090823,39.2184651
d1214,9.1330737,39.2184681
d1215,9.1114039,39.2184744
d1216,9.1335927,39.2184747
d1217,9.1305168,39.2185052
d1218,9.1080788,39.2185095
d1219,9.1146587,39.2185147
d1220,9.1363743,39.2185212
d1221,9.1208386,39.2185299
d1222,9.1120555,39.21854
d1223,9.1109469,39.2185511
d1224,9.1102752,39.2185539
d1225,9.1198368,39.2185549
d1226,9.1336571,39.2185566
d1227,9.1160848,39.2185714
d1228,9.1249231,39.2185726
d1229,9.1305196,39.2185789
d1230,9.1146023,39.2185795
d1231,9.1312588,39.2185797
d1232,9.1102512,39.2185799
d1233,9.133092,39.2185978
d1234,9.1166727,39.2186087
d1235,9.1117919,39.2186292
d1236,9.1157269,39.2186322
d1237,9.1161001,39.2186349
d1238,9.1153481,39.2186354
d1239,9.1195722,39.218639
d1240,9.1163584,39.2186592
d1241,9.1229015,39.2186619
d1242,9.1061122,39.2186731
d1243,9.1153654,39.218681
d1244,9.1199368,39.2186984
d1245,9.1286241,39.218707
d1246,9.1128115,39.2187135
d1247,9.1157506,39.2187227
d1248,9.1195865,39.2187258
d1249,9.1164598,39.2187326
d1250,9.1164619,39.2187512
d1251,9.1270021,39.2187574
d1252,9.1124943,39.2187655
d1253,9.085881,39.218769
d1254,9.1288561,39.2187792
d1255,9.1185188,39.2188038
d1256,9.1149708,39.2188082
d1257,9.1287972,39.2188238
d1258,9.1084143,39.2188281
d1259,9.1151049,39.2188348
d1260,9.1328084,39.2188395
d1261,9.1164678,39.2188425
d1262,9.1138039,39.2188482
d1263,9.121258,39.2188626
d1264,9.1169726,39.2188821
d1265,9.1144559,39.2188846
d1266,9.0848869,39.2188872
d1267,9.1167034,39.2188955
d1268,9.121732,39.2189588
d1269,9.1179992,39.219001
d1270,9.156229,39.2190023
d1271,9.1290661,39.2190067
d1272,9.1196705,39.21903
d1273,9.1198817,39.2190335
d1274,9.1399602,39.2190785
d1275,9.1065618,39.2191021
d1276,9.1206861,39.2191199
d1277,9.1178667,39.2191393
d1278,9.1644493,39.2191843
d1279,9.1198347,39.2192001
d1280,9.164553,39.2192013
d1281,9.1180393,39.2192212
d1282,9.1051365,39.2192356
d1283,9.1600815,39.2192638
d1284,9.1648928,39.2192846
d1285,9.1132575,39.2192856
d1286,9.1305514,39.219306
d1287,9.1129509,39.2193177
d1288,9.1199897,39.2193207
d1289,9.1167435,39.2193465
d1290,9.1164389,39.2193579
d1291,9.1197137,39.2193678
d1292,9.1306418,39.2193685
d1293,9.116436,39.2193842
d1294,9.1222171,39.2194293
d1295,9.1090693,39.2194361
d1296,9.1167645,39.2194464
d1297,9.1314069,39.2194657
d1298,9.1109165,39.2194718
d1299,9.1160708,39.2194739
d1300,9.1196085,39.2194832
d1301,9.1257982,39.2194941
d1302,9.0972716,39.2194992
d1303,9.1148058,39.2195065
d1304,9.1150562,39.2195139
d1305,9.1261775,39.219524
d1306,9.1070816,39.219548
d1307,9.1219286,39.2195613
d1308,9.1194343,39.2195637
d1309,9.1110533,39.2195734
d1310,9.1207641,39.2195742
d1311,9.1072388,39.2195814
d1312,9.107322,39.2195834
d1313,9.1217868,39.2195852
d1314,9.1086683,39.2195916
d1315,9.1157568,39.2196087
d1316,9.1071611,39.219634
d1317,9.1153954,39.2196363
d1318,9.1130112,39.2196437
d1319,9.121288,39.2196485
d1320,9.115753,39.2196535
d1321,9.1150465,39.2196575
d1322,9.1168137,39.2196674
d1323,9.1142392,39.2196689
d1324,9.1127251,39.2196807
d1325,9.1165156,39.2196811
d1326,9.1213136,39.2196824
d1327,9.1108382,39.219689
d1328,9.1055604,39.2196945
d1329,9.0989273,39.219733
d1330,9.1553428,39.2197393
d1331,9.1124251,39.2197398
d1332,9.1306466,39.2197476
d1333,9.1208418,39.2197501
d1334,9.1209159,39.2197577
d1335,9.1208489,39.2197662
d1336,9.116826,39.2197717
d1337,9.1042407,39.2197751
d1338,9.1227758,39.2197858
d1339,9.1166176,39.2197956
d1340,9.1178575,39.2198323
d1341,9.1093669,39.2198387
d1342,9.0994144,39.2198789
d1343,9.1124325,39.2199208
d1344,9.113376,39.219922
d1345,9.1315112,39.219924
d1346,9.1057913,39.219928
d1347,9.1136632,39.2199367
d1348,9.1112049,39.2199373
d1349,9.1137514,39.2199412
d1350,9.113075,39.2199465
d1351,9.1199064,39.2199481
d1352,9.1311499,39.2199737
d1353,9.1044529,39.219994
d1354,9.0987876,39.2199949
d1355,9.1200121,39.2200015
d1356,9.1153726,39.2200107
d1357,9.1307531,39.2200122
d1358,9.1094989,39.2200173
d1359,9.1188178,39.2200787
d1360,9.1164475,39.2200834
d1361,9.1181407,39.2200969
d1362,9.1313015,39.2200998
d1363,9.1310988,39.2201043
d1364,9.1141305,39.2201085
d1365,9.10366,39.2201679
d1366,9.1188457,39.2201757
d1367,9.1102232,39.2201765
d1368,9.0993951,39.2201864
d1369,9.1161033,39.2201903
d1370,9.1224606,39.2201964
d1371,9.108603,39.2202872
d1372,9.1608809,39.2202963
d1373,9.1122674,39.2202965
d1374,9.1157312,39.2203032
d1375,9.1151991,39.220313
d1376,9.1074256,39.2203431
d1377,9.1060839,39.220355
d1378,9.1122584,39.2203593
d1379,9.1157408,39.2203612
d1380,9.110592,39.2203716
d1381,9.1191235,39.2204435
d1382,9.1395595,39.220466
d1383,9.1189974,39.2204701
d1384,9.1080649,39.2205169
d1385,9.1105571,39.2205274
d1386,9.1100937,39.2205487
d1387,9.1129537,39.220563
d1388,9.1067133,39.2205785
d1389,9.1157293,39.220583
d1390,9.1101605,39.2205841
d1391,9.1190746,39.2206294
d1392,9.1184274,39.2206406
d1393,9.1207239,39.2206598
d1394,9.1168202,39.2206637
d1395,9.1056834,39.2206662
d1396,9.1124949,39.2207577
d1397,9.121638,39.2207577
d1398,9.0957713,39.220771
d1399,9.0967369,39.22082
d1400,9.1081855,39.2208269
d1401,9.083562,39.2208413
d1402,9.1125137,39.2208511
d1403,9.1126843,39.2208686
d1404,9.120551,39.2208994
d1405,9.1125209,39.2209357
d1406,9.1125668,39.2209726
d1407,9.1297442,39.2209966
d1408,9.0842794,39.2209994
d1409,9.1090413,39.2210057
d1410,9.1091137,39.2210208
d1411,9.1052487,39.2210314
d1412,9.1204455,39.2210457
d1413,9.1393539,39.221108
d1414,9.1181063,39.221117
d1415,9.1150381,39.2211206
d1416,9.1167374,39.2211365
d1417,9.1252687,39.2211508
d1418,9.1098727,39.2211676
d1419,9.1113323,39.2211799
d1420,9.1376843,39.221286
d1421,9.1051955,39.2213152
d1422,9.1202339,39.221339
d1423,9.1621799,39.221363
d1424,9.1104461,39.2213675
d1425,9.1213491,39.221439
d1426,9.1163829,39.2214489
d1427,9.1356727,39.2215011
d1428,9.1214581,39.2215729
d1429,9.1176122,39.2216131
d1430,9.1196063,39.2216228
d1431,9.112817,39.2216322
d1432,9.1628262,39.2216527
d1433,9.1196145,39.2216546
d1434,9.1125828,39.2216957
d1435,9.1166282,39.2216966
d1436,9.1164938,39.2217061
d1437,9.1102952,39.2217163
d1438,9.1191866,39.2217271
d1439,9.1394117,39.2217532
d1440,9.1258908,39.2217558
d1441,9.1187867,39.2217572
d1442,9.1173529,39.2217605
d1443,9.1098413,39.2217615
d1444,9.1173593,39.2217684
d1445,9.1173151,39.2217894
d1446,9.1062944,39.2217968
d1447,9.1130053,39.221814
d1448,9.1110333,39.2218658
d1449,9.1196768,39.2218681
d1450,9.1114588,39.2219118
d1451,9.1135887,39.2219151
d1452,9.1133915,39.2219174
d1453,9.1168553,39.221932
d1454,9.1110254,39.2219477
d1455,9.0994837,39.2219509
d1456,9.1111461,39.2219613
d1457,9.1136805,39.2219883
d1458,9.1169265,39.2219966
d1459,9.1186996,39.2220353
d1460,9.0395977,39.2220434
d1461,9.1040203,39.2220566
d1462,9.123575,39.2220597
d1463,9.1096082,39.2220729
d1464,9.1332584,39.2221014
d1465,9.1169207,39.2221217
d1466,9.1119345,39.2221528
d1467,9.1303404,39.2221726
d1468,9.115828,39.2221847
d1469,9.111981,39.2221917
d1470,9.1390196,39.2221957
d1471,9.1147392,39.2222326
d1472,9.1198262,39.2222477
d1473,9.1032795,39.2222509
d1474,9.1155713,39.222264
d1475,9.1170459,39.2222712
d1476,9.1157591,39.2223061
d1477,9.1166582,39.2223137
d1478,9.113848,39.2223308
d1479,9.1085935,39.2223693
d1480,9.1103954,39.2223861
d1481,9.1130357,39.2223921
d1482,9.0970223,39.2223929
d1483,9.1621411,39.2224174
d1484,9.1035979,39.2224211
d1485,9.1252091,39.2224603
d1486,9.1249877,39.222464
d1487,9.1184526,39.2224788
d1488,9.1112155,39.2224825
d1489,9.1212644,39.2224853
d1490,9.1287034,39.2225059
d1491,9.1235762,39.2225114
d1492,9.1195222,39.2225209
d1493,9.1213062,39.2225277
d1494,9.1208719,39.222578
d1495,9.1168303,39.2225918
d1496,9.1186282,39.2226129
d1497,9.122533,39.2226241
d1498,9.1370169,39.2226455
d1499,9.1192753,39.2227029
d1500,9.0991083,39.222708
d1501,9.1171324,39.2227257
d1502,9.1179512,39.2227505
d1503,9.1176094,39.2227557
d1504,9.1217382,39.2227892
d1505,9.1136658,39.2228036
d1506,9.1130679,39.2228056
d1507,9.1052871,39.2228153
d1508,9.127364,39.2228176
d1509,9.1065034,39.2228358
d1510,9.1214661,39.2228452
d1511,9.083869,39.2228695
d1512,9.1074543,39.2228759
d1513,9.1185699,39.2229241
d1514,9.137555,39.2229295
d1515,9.1369247,39.2229365
d1516,9.1156175,39.2229449
d1517,9.1369985,39.2229601
d1518,9.1122548,39.2229824
d1519,9.1177392,39.2229892
d1520,9.1199115,39.2229905
d1521,9.0985496,39.2229924
d1522,9.1196383,39.2230102
d1523,9.1179667,39.2230333
d1524,9.1112533,39.2230347
d1525,9.09782,39.2230608
d1526,9.1135383,39.2230985
d1527,9.1173647,39.2230992
d1528,9.1124027,39.2231071
d1529,9.0987563,39.2231097
d1530,9.1048597,39.2231178
d1531,9.1232316,39.223123
d1532,9.0391069,39.2231273
d1533,9.1177451,39.2231311
d1534,9.1182919,39.2231457
d1535,9.1181728,39.223173
d1536,9.1143805,39.2231837
d1537,9.1196404,39.2231951
d1538,9.1115842,39.223202
d1539,9.1182507,39.2232038
d1540,9.1177039,39.2232122
d1541,9.1339584,39.2232307
d1542,9.1062932,39.2232669
d1543,9.1192376,39.2232681
d1544,9.1264046,39.2232828
d1545,9.1122653,39.2233171
d1546,9.136495,39.2233293
d1547,9.1176716,39.223331
d1548,9.1227747,39.2233342
d1549,9.1364517,39.2233607
d1550,9.0987952,39.223366
d1551,9.1088611,39.223389
d1552,9.1178448,39.2233999
d1553,9.1176318,39.2234425
d1554,9.1250152,39.2234504
d1555,9.1180126,39.2234665
d1556,9.1392489,39.223475
d1557,9.1362509,39.2235029
d1558,9.1362087,39.2235585
d1559,9.0987097,39.2236063
d1560,9.1149109,39.2236075
d1561,9.1609046,39.2236267
d1562,9.1117811,39.223637
d1563,9.1199352,39.2236753
d1564,9.1196732,39.2236774
d1565,9.0838525,39.2237249
d1566,9.1203438,39.22374
d1567,9.1204257,39.2237473
d1568,9.1175617,39.2237572
d1569,9.1201209,39.2237764
d1570,9.1391932,39.2237821
d1571,9.1203462,39.2237986
d1572,9.0989617,39.2237991
d1573,9.1362103,39.223813
d1574,9.0594046,39.2238757
d1575,9.0990946,39.2238834
d1576,9.1201564,39.2239088
d1577,9.1146736,39.2239243
d1578,9.1184369,39.2239803
d1579,9.1129917,39.2239998
d1580,9.1128702,39.2240291
d1581,9.1199276,39.2240307
d1582,9.1368634,39.2240319
d1583,9.1128897,39.2240361
d1584,9.1196922,39.2240362
d1585,9.0952751,39.2240382
d1586,9.103846,39.2240514
d1587,9.1193243,39.2240826
d1588,9.1196907,39.2240972
d1589,9.1153571,39.2241404
d1590,9.1155704,39.2241626
d1591,9.0353976,39.2241726
d1592,9.116692,39.2242126
d1593,9.118649,39.2242528
d1594,9.1188035,39.2242673
d1595,9.1187383,39.2243068
d1596,9.1188674,39.2243298
d1597,9.119085,39.2243361
d1598,9.0630472,39.2243397
d1599,9.1144407,39.2243415
d1600,9.1115853,39.2243739
d1601,9.1287497,39.2243753
d1602,9.1127744,39.2243773
d1603,9.1079944,39.2244101
d1604,9.1147639,39.2244258
d1605,9.1127513,39.224469
d1606,9.1214565,39.2244711
d1607,9.1151931,39.2244739
d1608,9.1188895,39.224488
d1609,9.1188442,39.2244967
d1610,9.1244122,39.2245254
d1611,9.1066807,39.2245298
d1612,9.1131294,39.224548
d1613,9.1250677,39.2245581
d1614,9.1147982,39.2245689
d1615,9.1189053,39.2245845
d1616,9.1269026,39.2246003
d1617,9.1266015,39.2246233
d1618,9.1148883,39.2246287
d1619,9.1078564,39.2246403
d1620,9.1304808,39.2246469
d1621,9.1130388,39.2246655
d1622,9.1126387,39.2246842
d1623,9.1226101,39.2247221
d1624,9.1112976,39.2247321
d1625,9.1194701,39.2247381
d1626,9.1270447,39.2247462
d1627,9.1136021,39.2247776
d1628,9.1051704,39.2248091
d1629,9.1136069,39.2248162
d1630,9.1169719,39.224817
d1631,9.1161535,39.2248264
d1632,9.1212458,39.2248363
d1633,9.1217936,39.2248411
d1634,9.1136952,39.2248538
d1635,9.1226841,39.2248598
d1636,9.1111228,39.2248711
d1637,9.1199336,39.2248733
d1638,9.1139669,39.2248746
d1639,9.0955452,39.2248772
d1640,9.1102356,39.2248852
d1641,9.1198806,39.2249239
d1642,9.138884,39.224931
d1643,9.1199107,39.2249375
d1644,9.1345399,39.2249436
d1645,9.1110431,39.2249614
d1646,9.121542,39.2249746
d1647,9.1210498,39.2249803
d1648,9.1170423,39.224991
d1649,9.1116516,39.2250269
d1650,9.125022,39.2250356
d1651,9.1219808,39.2250466
d1652,9.1244373,39.2250503
d1653,9.1137811,39.2250549
d1654,9.1227691,39.2250757
d1655,9.0811512,39.2251499
d1656,9.1125409,39.225186
d1657,9.1188213,39.225195
d1658,9.1139664,39.2252104
d1659,9.1190699,39.2252116
d1660,9.1343108,39.2252708
d1661,9.1179812,39.2252854
d1662,9.114884,39.2253069
d1663,9.0969394,39.2253108
d1664,9.1018223,39.2253796
d1665,9.1061348,39.2253828
d1666,9.0824045,39.2253837
d1667,9.1189576,39.2253846
d1668,9.1208054,39.2254001
d1669,9.123062,39.2254045
d1670,9.1160666,39.2254233
d1671,9.1270906,39.2254273
d1672,9.1187898,39.2254282
d1673,9.1208873,39.2254355
d1674,9.1266403,39.2254358
d1675,9.1356802,39.2254488
d1676,9.0808882,39.2254671
d1677,9.1388712,39.2254838
d1678,9.122009,39.2254981
d1679,9.1189832,39.2255064
d1680,9.1147629,39.2255195
d1681,9.118877,39.2255335
d1682,9.1278601,39.2255488
d1683,9.1164623,39.2255886
d1684,9.1159291,39.2255906
d1685,9.1234242,39.2256104
d1686,9.1197003,39.2256179
d1687,9.0812012,39.2256482
d1688,9.1220671,39.2256637
d1689,9.1209042,39.225681
d1690,9.1244474,39.2256914
d1691,9.1238065,39.2257005
d1692,9.130539,39.2257123
d1693,9.1230763,39.2257213
d1694,9.122716,39.2257658
d1695,9.121271,39.2257902
d1696,9.1333971,39.2258244
d1697,9.1150646,39.2258286
d1698,9.1228251,39.2258372
d1699,9.1160186,39.225854
d1700,9.1206523,39.2258677
d1701,9.1205075,39.2259115
d1702,9.1320332,39.2259306
d1703,9.1022176,39.2259364
d1704,9.0968977,39.2259441
d1705,9.1170999,39.2259529
d1706,9.1152634,39.2259542
d1707,9.1159194,39.2259556
d1708,9.1318422,39.2259605
d1709,9.121699,39.2259868
d1710,9.1333356,39.2260186
d1711,9.100896,39.2260237
d1712,9.1129019,39.2260314
d1713,9.1125321,39.2260538
d1714,9.0802816,39.2260689
d1715,9.121107,39.2260694
d1716,9.1032888,39.2260722
d1717,9.1221591,39.2260743
d1718,9.1161761,39.2260745
d1719,9.1039912,39.2260784
d1720,9.1338534,39.2261137
d1721,9.1170761,39.2261211
d1722,9.1251238,39.2261605
d1723,9.1024513,39.2261684
d1724,9.1128997,39.2261868
d1725,9.1240983,39.226188
d1726,9.1162592,39.2262003
d1727,9.105932,39.2262073
d1728,9.1354465,39.2262208
d1729,9.1223518,39.2262434
d1730,9.1190674,39.2263645
d1731,9.1342932,39.2263719
d1732,9.0635454,39.226378
d1733,9.1082652,39.2263853
d1734,9.1171123,39.2263933
d1735,9.1312369,39.2264242
d1736,9.1251333,39.2264421
d1737,9.13343,39.2264706
d1738,9.1186151,39.2264881
d1739,9.1197848,39.2265046
d1740,9.1198304,39.226505
d1741,9.100324,39.2265155
d1742,9.1077787,39.2265616
d1743,9.1118247,39.2265761
d1744,9.0617488,39.2266013
d1745,9.1331502,39.2266184
d1746,9.135306,39.2266205
d1747,9.1198449,39.2266472
d1748,9.1253228,39.2266841
d1749,9.0993424,39.2267061
d1750,9.1120213,39.2267103
d1751,9.124506,39.2267176
d1752,9.0960787,39.226718
d1753,9.1198162,39.2267403
d1754,9.1227658,39.2267428
d1755,9.1198644,39.2267446
d1756,9.1191377,39.2267545
d1757,9.0992197,39.2268122
d1758,9.123817,39.2268145
d1759,9.1259347,39.2268243
d1760,9.123105,39.2268635
d1761,9.1238744,39.2268678
d1762,9.1234744,39.2268825
d1763,9.1326327,39.2269023
d1764,9.1266736,39.2269228
d1765,9.1372935,39.2269557
d1766,9.1074415,39.2269745
d1767,9.1116753,39.2269771
d1768,9.1199316,39.226978
d1769,9.1377246,39.2269813
d1770,9.1114584,39.227015
d1771,9.1019213,39.2270201
d1772,9.1117726,39.2270479
d1773,9.1107327,39.2270715
d1774,9.111524,39.2270774
d1775,9.1000702,39.2270777
d1776,9.1183889,39.227082
d1777,9.1115507,39.2270891
d1778,9.1196669,39.227129
d1779,9.1339078,39.2271349
d1780,9.1183595,39.2271588
d1781,9.123117,39.2271899
d1782,9.1227781,39.227265
d1783,9.1189375,39.2272681
d1784,9.1234837,39.2272782
d1785,9.1330187,39.227292
d1786,9.1239251,39.2272937
d1787,9.1189266,39.2272961
d1788,9.1116103,39.2273061
d1789,9.093512,39.2273305
d1790,9.0971487,39.2273398
d1791,9.0956139,39.2273531
d1792,9.1078642,39.2274113
d1793,9.0784884,39.2274303
d1794,9.1002977,39.2275585
d1795,9.1189829,39.2275616
d1796,9.1227946,39.2275867
d1797,9.1339785,39.2275928
d1798,9.1263268,39.2276133
d1799,9.1018013,39.227634
d1800,9.1235061,39.227706
d1801,9.1198786,39.2277169
d1802,9.123482,39.2277471
d1803,9.1200567,39.2277997
d1804,9.1238913,39.2278143
d1805,9.1263301,39.2278288
d1806,9.1368737,39.2278384
d1807,9.0997078,39.2278439
d1808,9.102799,39.2278655
d1809,9.1113855,39.2278964
d1810,9.1345912,39.2278998
d1811,9.0682074,39.2279019
d1812,9.1231629,39.227913
d1813,9.1193481,39.2279289
d1814,9.1185673,39.2279306
d1815,9.1332545,39.2279344
d1816,9.1195893,39.2279563
d1817,9.0674631,39.2279987
d1818,9.1364321,39.2280018
d1819,9.12423,39.2280064
d1820,9.1014236,39.2280332
d1821,9.1200885,39.2280827
d1822,9.1189873,39.228124
d1823,9.119008,39.2281348
d1824,9.1366917,39.2281439
d1825,9.1178632,39.2281527
d1826,9.1029523,39.2281577
d1827,9.109894,39.2281794
d1828,9.0926206,39.2281878
d1829,9.1342705,39.2282322
d1830,9.1191371,39.2282746
d1831,9.1012522,39.2282836
d1832,9.1124403,39.2282863
d1833,9.1370615,39.2283119
d1834,9.1275489,39.2283171
d1835,9.1375597,39.2283201
d1836,9.1199217,39.2283498
d1837,9.1178078,39.2283835
d1838,9.1235115,39.2283998
d1839,9.1100669,39.2284012
d1840,9.1263375,39.2284033
d1841,9.1247526,39.228412
d1842,9.124064,39.2284225
d1843,9.1359043,39.2284342
d1844,9.092514,39.2284441
d1845,9.1374986,39.2284471
d1846,9.1188318,39.2284496
d1847,9.1183964,39.2284693
d1848,9.0707099,39.228475
d1849,9.1240653,39.2284824
d1850,9.1152893,39.2284876
d1851,9.1235165,39.2284999
d1852,9.1250641,39.228548
d1853,9.1130578,39.2285482
d1854,9.1093131,39.2285487
d1855,9.1279717,39.2285642
d1856,9.1200394,39.2285943
d1857,9.126013,39.2286136
d1858,9.1278958,39.2286223
d1859,9.1252384,39.2286334
d1860,9.071113,39.2286613
d1861,9.1193562,39.2286702
d1862,9.1150124,39.2286757
d1863,9.1276776,39.2286995
d1864,9.1098332,39.2287524
d1865,9.0993052,39.2287544
d1866,9.1006905,39.2287804
d1867,9.0777216,39.2288031
d1868,9.1196197,39.2288159
d1869,9.1052474,39.2288492
d1870,9.1119312,39.2288576
d1871,9.1323473,39.2288583
d1872,9.1330097,39.2288999
d1873,9.1282811,39.2289239
d1874,9.1280411,39.229051
d1875,9.0779189,39.2290674
d1876,9.1008813,39.2290719
d1877,9.128097,39.2290889
d1878,9.1361014,39.2291203
d1879,9.1281661,39.2291332
d1880,9.1199025,39.2291387
d1881,9.1363396,39.229148
d1882,9.133201,39.2291484
d1883,9.1286208,39.2291648
d1884,9.1003599,39.2291651
d1885,9.1176877,39.2291653
d1886,9.1016458,39.2291933
d1887,9.1021398,39.2292305
d1888,9.1066253,39.2292613
d1889,9.1328729,39.2292777
d1890,9.0919234,39.2292842
d1891,9.1288184,39.2293039
d1892,9.1176129,39.2293183
d1893,9.1228622,39.2293296
d1894,9.1116137,39.2293813
d1895,9.0989959,39.2294421
d1896,9.1132266,39.2294593
d1897,9.1326437,39.2294912
d1898,9.1016351,39.2294997
d1899,9.1000616,39.2295421
d1900,9.0918871,39.2295576
d1901,9.1329506,39.2296007
d1902,9.0721749,39.229609
d1903,9.0989186,39.2296173
d1904,9.101859,39.229629
d1905,9.1127887,39.2296529
d1906,9.1362827,39.2296795
d1907,9.1263537,39.2296979
d1908,9.1174848,39.229698
d1909,9.1183765,39.2296987
d1910,9.1018226,39.2297007
d1911,9.1227475,39.2297137
d1912,9.1250813,39.2297265
d1913,9.1249852,39.229734
d1914,9.1208699,39.2297399
d1915,9.1298124,39.2297484
d1916,9.1110948,39.2297858
d1917,9.1297468,39.2297903
d1918,9.1208736,39.2298095
d1919,9.1381637,39.2298217
d1920,9.1330531,39.2298441
d1921,9.0999068,39.2298482
d1922,9.1216021,39.2298578
d1923,9.1123593,39.2298675
d1924,9.1015352,39.2298702
d1925,9.1266729,39.2299129
d1926,9.1364183,39.2299327
d1927,9.106372,39.2299478
d1928,9.1241834,39.2299487
d1929,9.1122196,39.2299512
d1930,9.1190913,39.2299516
d1931,9.1130845,39.2300132
d1932,9.1081288,39.2300512
d1933,9.1365627,39.2300534
d1934,9.1171744,39.2300733
d1935,9.1304464,39.2300741
d1936,9.1132134,39.230099
d1937,9.1370017,39.2301012
d1938,9.0986985,39.2301165
d1939,9.1267055,39.2301232
d1940,9.1124821,39.2301248
d1941,9.1018098,39.2301416
d1942,9.1227685,39.2301432
d1943,9.1268518,39.2301507
d1944,9.1304819,39.2301618
d1945,9.1092468,39.2301676
d1946,9.1354957,39.2301751
d1947,9.0731612,39.2301804
d1948,9.126667,39.2301923
d1949,9.1302783,39.2301971
d1950,9.1168269,39.2302094
d1951,9.1242259,39.2302147
d1952,9.1363196,39.2302168
d1953,9.0915046,39.2302205
d1954,9.1067876,39.2302473
d1955,9.1167729,39.2302556
d1956,9.1014983,39.2302654
d1957,9.1334601,39.2302774
d1958,9.1227818,39.2302796
d1959,9.123819,39.2302867
d1960,9.1362952,39.2302915
d1961,9.1354629,39.2303083
d1962,9.1201806,39.2303177
d1963,9.1251683,39.2303193
d1964,9.1237424,39.2303252
d1965,9.1201123,39.2303288
d1966,9.1364644,39.2303387
d1967,9.1244514,39.2303464
d1968,9.0741625,39.2303656
d1969,9.1198177,39.2303766
d1970,9.1136304,39.2303917
d1971,9.1217807,39.2304003
d1972,9.1304625,39.230415
d1973,9.130988,39.230419
d1974,9.1311023,39.230421
d1975,9.1111333,39.2304261
d1976,9.1115022,39.2304603
d1977,9.1064091,39.2304647
d1978,9.1303532,39.2304802
d1979,9.1252955,39.2304828
d1980,9.1264969,39.230498
d1981,9.1230999,39.2305004
d1982,9.0740126,39.2305159
d1983,9.1120364,39.2305458
d1984,9.1307962,39.230578
d1985,9.1306627,39.2305819
d1986,9.1206947,39.2306215
d1987,9.1251301,39.2306516
d1988,9.1324569,39.230654
d1989,9.1252912,39.2306884
d1990,9.1242253,39.2307028
d1991,9.125438,39.2307102
d1992,9.0912215,39.2307355
d1993,9.0757062,39.2307572
d1994,9.1203015,39.2307623
d1995,9.1273549,39.2307738
d1996,9.1256516,39.2307961
d1997,9.091097,39.2308344
d1998,9.1162643,39.230843
d1999,9.0885689,39.2308446
d2000,9.0909752,39.2309312
d2001,9.0883007,39.2309361
d2002,9.1137153,39.2309651
d2003,9.1137874,39.2309814
d2004,9.0982939,39.2309903
d2005,9.0990379,39.2309939
d2006,9.1159312,39.2310117
d2007,9.077457,39.2310159
d2008,9.0908587,39.2310238
d2009,9.1262037,39.2310248
d2010,9.1054371,39.2310308
d2011,9.1148565,39.2310355
d2012,9.1205501,39.2310426
d2013,9.1160649,39.2310792
d2014,9.1114502,39.2310911
d2015,9.090741,39.2311174
d2016,9.0987667,39.2311617
d2017,9.0944977,39.2311698
d2018,9.1111697,39.2311892
d2019,9.0921543,39.2312146
d2020,9.1260665,39.2312712
d2021,9.0519855,39.2313187
d2022,9.0904868,39.2313195
d2023,9.1243371,39.2313256
d2024,9.1311928,39.2313666
d2025,9.1200249,39.2313688
d2026,9.1118514,39.2313734
d2027,9.0903597,39.2314205
d2028,9.1120843,39.2314865
d2029,9.0764572,39.2314988
d2030,9.1206341,39.2315532
d2031,9.0901347,39.2315994
d2032,9.1041007,39.2316127
d2033,9.1331813,39.2316316
d2034,9.0987059,39.2316462
d2035,9.1255601,39.231649
d2036,9.104149,39.231669
d2037,9.1139723,39.2316911
d2038,9.0900075,39.2317004
d2039,9.1305465,39.2317313
d2040,9.1042108,39.2317399
d2041,9.1370707,39.2318068
d2042,9.0920971,39.2318116
d2043,9.101703,39.2318207
d2044,9.1117851,39.231837
d2045,9.1201811,39.2318713
d2046,9.0898424,39.2318774
d2047,9.1205503,39.2318828
d2048,9.120618,39.231902
d2049,9.1112736,39.2319239
d2050,9.1301261,39.2319351
d2051,9.1120568,39.2319587
d2052,9.1032443,39.2320028
d2053,9.1148042,39.2320466
d2054,9.1302391,39.2320699
d2055,9.1324984,39.2320914
d2056,9.1121848,39.2320977
d2057,9.1231731,39.2320988
d2058,9.1283788,39.2321381
d2059,9.1115321,39.232149
d2060,9.1112268,39.232154
d2061,9.1113038,39.2321571
d2062,9.1304439,39.2321625
d2063,9.1118404,39.2321816
d2064,9.1366639,39.2322471
d2065,9.0991131,39.232248
d2066,9.1307191,39.2322671
d2067,9.1300448,39.2323309
d2068,9.111175,39.2323704
d2069,9.1303903,39.2324132
d2070,9.1110721,39.2324556
d2071,9.1317672,39.2324596
d2072,9.1158241,39.2324695
d2073,9.1371834,39.2324781
d2074,9.1271365,39.2325465
d2075,9.1309405,39.232549
d2076,9.1141928,39.2325907
d2077,9.113863,39.2326005
d2078,9.0908329,39.2326184
d2079,9.1141507,39.2326441
d2080,9.1272846,39.2326744
d2081,9.1317834,39.2326782
d2082,9.1306944,39.2326909
d2083,9.102969,39.232699
d2084,9.123766,39.2327514
d2085,9.1310539,39.2327676
d2086,9.1006391,39.2328281
d2087,9.1052673,39.2328337
d2088,9.1311166,39.2328625
d2089,9.1288794,39.2328745
d2090,9.1022748,39.2328806
d2091,9.1247358,39.2328841
d2092,9.1004579,39.2328859
d2093,9.1203339,39.2328866
d2094,9.1307378,39.2328884
d2095,9.1026007,39.2328941
d2096,9.1045523,39.2329173
d2097,9.1307592,39.2329255
d2098,9.1005565,39.2329349
d2099,9.1137022,39.2329454
d2100,9.1002771,39.232964
d2101,9.1353841,39.2329665
d2102,9.1143985,39.2329879
d2103,9.1130955,39.233001
d2104,9.1112831,39.2330033
d2105,9.1112847,39.2330506
d2106,9.102319,39.2330987
d2107,9.1261387,39.2331489
d2108,9.1142795,39.2331797
d2109,9.1143696,39.2331828
d2110,9.135274,39.233208
d2111,9.124206,39.2332124
d2112,9.1136511,39.2332208
d2113,9.1400496,39.2333407
d2114,9.1125126,39.2333472
d2115,9.1012595,39.2333633
d2116,9.1276701,39.2333717
d2117,9.1276832,39.2333986
d2118,9.1227936,39.2334222
d2119,9.1257807,39.2334286
d2120,9.1023019,39.2334507
d2121,9.1103244,39.2334605
d2122,9.1346182,39.23349
d2123,9.1259206,39.2334902
d2124,9.1395429,39.2335156
d2125,9.1093598,39.2335184
d2126,9.131676,39.2335329
d2127,9.1201045,39.2335391
d2128,9.1165752,39.233568
d2129,9.1141917,39.2335766
d2130,9.0350582,39.2335835
d2131,9.135405,39.2335958
d2132,9.127367,39.233603
d2133,9.1167234,39.2336081
d2134,9.1202035,39.2336166
d2135,9.1140733,39.2336259
d2136,9.1404021,39.2336516
d2137,9.1264261,39.2336774
d2138,9.1147937,39.2337201
d2139,9.1177244,39.2337292
d2140,9.1278502,39.2337423
d2141,9.0351255,39.2337534
d2142,9.1171054,39.2337587
d2143,9.1272289,39.2337593
d2144,9.1116415,39.2337729
d2145,9.1201987,39.2337776
d2146,9.1142176,39.233785
d2147,9.126114,39.233792
d2148,9.1131848,39.2338365
d2149,9.1265158,39.2338424
d2150,9.1308871,39.2338679
d2151,9.1176163,39.2338882
d2152,9.1247681,39.2339021
d2153,9.1179101,39.233916
d2154,9.1406198,39.2339731
d2155,9.1088972,39.2339994
d2156,9.1177537,39.2340227
d2157,9.0393755,39.2340444
d2158,9.1039292,39.2340548
d2159,9.1172363,39.2340991
d2160,9.1260954,39.2341028
d2161,9.1346286,39.2341203
d2162,9.1173825,39.2341327
d2163,9.1062599,39.2341335
d2164,9.1348937,39.2341354
d2165,9.1181441,39.2341515
d2166,9.1267055,39.2341882
d2167,9.1106848,39.2342014
d2168,9.1346594,39.2342021
d2169,9.1178717,39.2342022
d2170,9.1127834,39.2342083
d2171,9.1083285,39.2342113
d2172,9.1241033,39.2342303
d2173,9.0392403,39.2342309
d2174,9.1192813,39.2343088
d2175,9.1174557,39.2343522
d2176,9.1347956,39.2343745
d2177,9.0895844,39.2343771
d2178,9.1109085,39.2343787
d2179,9.1173188,39.2343817
d2180,9.1389482,39.234388
d2181,9.1094066,39.2343917
d2182,9.1014664,39.2343931
d2183,9.113178,39.2343986
d2184,9.1166143,39.2344166
d2185,9.1092418,39.2344556
d2186,9.1115154,39.2344604
d2187,9.1366196,39.2344972
d2188,9.1141046,39.2345223
d2189,9.0968406,39.2345363
d2190,9.1413546,39.234549
d2191,9.1017734,39.2345729
d2192,9.1125712,39.234575
d2193,9.1199633,39.2346159
d2194,9.1156515,39.2346201
d2195,9.1094824,39.2346229
d2196,9.097202,39.2346255
d2197,9.1104146,39.2346314
d2198,9.1093692,39.2346503
d2199,9.1155325,39.234662
d2200,9.0939002,39.23467
d2201,9.1157434,39.2346755
d2202,9.1073406,39.2347162
d2203,9.0971805,39.234717
d2204,9.1050852,39.2347226
d2205,9.1155146,39.2347339
d2206,9.1155552,39.2347848
d2207,9.1157044,39.2347879
d2208,9.136047,39.2348127
d2209,9.1204705,39.2348128
d2210,9.1096882,39.2348252
d2211,9.0239173,39.2348314
d2212,9.1370962,39.2348508
d2213,9.1102711,39.2348609
d2214,9.1247684,39.2348724
d2215,9.1229634,39.234875
d2216,9.1328575,39.2348796
d2217,9.1085431,39.2348907
d2218,9.1141508,39.2348958
d2219,9.106582,39.2349173
d2220,9.1136951,39.2349221
d2221,9.1040102,39.2349364
d2222,9.1121894,39.2349519
d2223,9.1098423,39.2349826
d2224,9.1120735,39.2349843
d2225,9.1396929,39.2349893
d2226,9.112134,39.2350373
d2227,9.1093979,39.2350763
d2228,9.1015508,39.2350899
d2229,9.1417688,39.235103
d2230,9.0947266,39.2351271
d2231,9.1141304,39.2351319
d2232,9.1135535,39.2351488
d2233,9.1088425,39.2351699
d2234,9.1322379,39.2351923
d2235,9.1192145,39.2352175
d2236,9.1045352,39.2352416
d2237,9.1366233,39.2352548
d2238,9.1328879,39.235266
d2239,9.1013773,39.235275
d2240,9.1119156,39.2352987
d2241,9.1097188,39.235307
d2242,9.1124844,39.2353253
d2243,9.1423736,39.2353322
d2244,9.1109001,39.2353541
d2245,9.1182021,39.2353571
d2246,9.1148872,39.2353956
d2247,9.1182848,39.2354332
d2248,9.120818,39.2354515
d2249,9.1025235,39.2355054
d2250,9.1090923,39.2355235
d2251,9.1325773,39.2355401
d2252,9.1321551,39.2355679
d2253,9.1343696,39.2355679
d2254,9.1186925,39.2356168
d2255,9.1327484,39.235635
d2256,9.1220842,39.2356956
d2257,9.0980676,39.235704
d2258,9.1089078,39.2357271
d2259,9.1344263,39.2357362
d2260,9.100939,39.2357605
d2261,9.1115137,39.2357656
d2262,9.1086725,39.2357658
d2263,9.1135013,39.2357709
d2264,9.1133645,39.2357748
d2265,9.1007273,39.2357856
d2266,9.133713,39.2358018
d2267,9.1337672,39.2358022
d2268,9.1086031,39.235856
d2269,9.1022116,39.2358604
d2270,9.1038766,39.235864
d2271,9.1189793,39.2358781
d2272,9.1341053,39.2358781
d2273,9.1087537,39.2358912
d2274,9.1320561,39.2358966
d2275,9.108659,39.2359306
d2276,9.1373899,39.23595
d2277,9.1050688,39.2359622
d2278,9.1341284,39.2359817
d2279,9.1331486,39.2359879
d2280,9.1346267,39.2360475
d2281,9.0984883,39.2360527
d2282,9.1011583,39.2360814
d2283,9.1141363,39.2360916
d2284,9.1113478,39.2361372
d2285,9.107761,39.2361432
d2286,9.1078953,39.2361556
d2287,9.1139766,39.2361656
d2288,9.100421,39.2361995
d2289,9.0367794,39.2362241
d2290,9.1340226,39.2362611
d2291,9.1300021,39.2362781
d2292,9.1433475,39.236293
d2293,9.1075487,39.2363025
d2294,9.1140931,39.2363059
d2295,9.1169504,39.2363222
d2296,9.101746,39.2363532
d2297,9.1044441,39.2363627
d2298,9.1170085,39.2363744
d2299,9.1353135,39.2364067
d2300,9.1329844,39.2364384
d2301,9.1139721,39.2364385
d2302,9.100216,39.2364401
d2303,9.0969265,39.2364716
d2304,9.1338948,39.2365046
d2305,9.1169601,39.2365244
d2306,9.1180612,39.2365829
d2307,9.1007102,39.2365841
d2308,9.1067565,39.2366384
d2309,9.1439729,39.2366987
d2310,9.1337295,39.2367352
d2311,9.0979586,39.2367372
d2312,9.0999593,39.2367414
d2313,9.116443,39.2367962
d2314,9.13739,39.2368516
d2315,9.1036847,39.236881
d2316,9.1165893,39.2368825
d2317,9.1025611,39.2369197
d2318,9.1304118,39.2369302
d2319,9.1324586,39.2369504
d2320,9.142806,39.2369643
d2321,9.1031782,39.2369724
d2322,9.1335513,39.236978
d2323,9.116731,39.2369868
d2324,9.105839,39.2370293
d2325,9.1168427,39.2370743
d2326,9.1260216,39.2370743
d2327,9.1151112,39.2370941
d2328,9.1070856,39.2371162
d2329,9.133373,39.237168
d2330,9.1316156,39.2372449
d2331,9.1445613,39.2372557
d2332,9.1428266,39.2372932
d2333,9.1151552,39.2373157
d2334,9.1385619,39.2373387
d2335,9.1331712,39.2373639
d2336,9.1247952,39.2373688
d2337,9.1309375,39.237371
d2338,9.1252291,39.2373737
d2339,9.1151237,39.2373828
d2340,9.1046477,39.237409
d2341,9.1430376,39.2374177
d2342,9.1366672,39.2374602
d2343,9.1316563,39.2374851
d2344,9.1249928,39.2375099
d2345,9.1420277,39.2375565
d2346,9.1329579,39.2375633
d2347,9.1317635,39.2375779
d2348,9.1006703,39.2375893
d2349,9.1034669,39.2376274
d2350,9.105985,39.2376466
d2351,9.1035858,39.237712
d2352,9.1157011,39.2377598
d2353,9.0993062,39.237765
d2354,9.1312834,39.2377663
d2355,9.1015328,39.2377876
d2356,9.1164208,39.2377898
d2357,9.1309109,39.2378068
d2358,9.1016802,39.237814
d2359,9.1077494,39.2378266
d2360,9.1312731,39.2378484
d2361,9.142536,39.2378938
d2362,9.1362431,39.2379282
d2363,9.1160811,39.2379724
d2364,9.1237608,39.237983
d2365,9.1361394,39.2379982
d2366,9.1161331,39.2380017
d2367,9.1311249,39.2380629
d2368,9.1168006,39.2380635
d2369,9.1311123,39.2380722
d2370,9.1234726,39.238181
d2371,9.1166902,39.2381945
d2372,9.116588,39.2382301
d2373,9.1166365,39.2382544
d2374,9.1122724,39.2382666
d2375,9.1412658,39.23836
d2376,9.1288376,39.2384415
d2377,9.11787,39.2384482
d2378,9.1197246,39.2384501
d2379,9.1213215,39.2385049
d2380,9.1478251,39.2385368
d2381,9.1312627,39.2385752
d2382,9.1246523,39.2386153
d2383,9.1266658,39.2386554
d2384,9.0986236,39.2386625
d2385,9.1043635,39.2386626
d2386,9.1408249,39.238668
d2387,9.1507208,39.2386841
d2388,9.1225069,39.2386864
d2389,9.117592,39.2387008
d2390,9.1353658,39.2387045
d2391,9.1094744,39.2387158
d2392,9.1197235,39.2387273
d2393,9.1042097,39.2387279
d2394,9.14758,39.2387586
d2395,9.1127913,39.2387638
d2396,9.1028222,39.2387847
d2397,9.1108523,39.2388372
d2398,9.1424247,39.238858
d2399,9.1290815,39.2389137
d2400,9.103114,39.2389269
d2401,9.1047612,39.2389427
d2402,9.0994198,39.2390129
d2403,9.0921111,39.239086
d2404,9.1506343,39.2391259
d2405,9.102105,39.2391439
d2406,9.1181325,39.2391819
d2407,9.1043244,39.2391883
d2408,9.1183058,39.2391897
d2409,9.1320656,39.2392164
d2410,9.118424,39.2392778
d2411,9.1001174,39.2392799
d2412,9.1232159,39.2392887
d2413,9.1011821,39.2393746
d2414,9.1061757,39.2393948
d2415,9.1495406,39.2394434
d2416,9.1331291,39.2394552
d2417,9.1308154,39.2394613
d2418,9.1035889,39.2395286
d2419,9.1018974,39.2395574
d2420,9.1266538,39.2395768
d2421,9.1324383,39.2396009
d2422,9.1481143,39.2396151
d2423,9.1305626,39.2396631
d2424,9.1114456,39.2396729
d2425,9.1003603,39.2397805
d2426,9.131249,39.2397872
d2427,9.104091,39.2398292
d2428,9.1225731,39.2398792
d2429,9.1021653,39.2398838
d2430,9.1161204,39.2399384
d2431,9.1118724,39.2399573
d2432,9.1319963,39.2399684
d2433,9.1126037,39.2399721
d2434,9.1309961,39.239989
d2435,9.0985816,39.2400217
d2436,9.1126257,39.2400348
d2437,9.1157287,39.2400381
d2438,9.1110329,39.2400621
d2439,9.1023574,39.2401178
d2440,9.1043619,39.2401226
d2441,9.1386533,39.2401237
d2442,9.1016254,39.2401497
d2443,9.1116913,39.2401527
d2444,9.1116781,39.2401637
d2445,9.133718,39.2401698
d2446,9.1183269,39.2401748
d2447,9.1184014,39.2401918
d2448,9.1121417,39.2401939
d2449,9.1183918,39.2402046
d2450,9.1478888,39.2402235
d2451,9.1163752,39.2402708
d2452,9.1118777,39.2402979
d2453,9.1045146,39.2403202
d2454,9.1118411,39.2403285
d2455,9.1328783,39.2403313
d2456,9.1188584,39.2403352
d2457,9.1119515,39.2403554
d2458,9.1116651,39.2404719
d2459,9.1108149,39.2405209
d2460,9.1000748,39.2405404
d2461,9.148781,39.2405867
d2462,9.1003482,39.2406159
d2463,9.1027737,39.240625
d2464,9.1116935,39.2406317
d2465,9.1168144,39.2406588
d2466,9.1126694,39.2406676
d2467,9.1300886,39.2406857
d2468,9.1037227,39.2406981
d2469,9.1315407,39.240715
d2470,9.1186837,39.2407154
d2471,9.1006805,39.2407254
d2472,9.1484946,39.2407439
d2473,9.1161741,39.2407515
d2474,9.1199695,39.2407656
d2475,9.1111997,39.2407696
d2476,9.1179828,39.2407711
d2477,9.1157348,39.2407791
d2478,9.1302329,39.2407871
d2479,9.1029162,39.2407985
d2480,9.111566,39.2408005
d2481,9.1299405,39.2408176
d2482,9.1398739,39.2408613
d2483,9.1068848,39.2408637
d2484,9.1300144,39.2408664
d2485,9.1062077,39.2409023
d2486,9.1175805,39.2409094
d2487,9.1292002,39.2409526
d2488,9.1177174,39.240973
d2489,9.1115948,39.2409831
d2490,9.1138241,39.2409851
d2491,9.1177449,39.2409997
d2492,9.1178618,39.2410001
d2493,9.1116397,39.2410138
d2494,9.103108,39.2410322
d2495,9.1116848,39.2410447
d2496,9.1007995,39.2410821
d2497,9.1310962,39.2411148
d2498,9.0919885,39.2411292
d2499,9.1063895,39.2411417
d2500,9.0971116,39.2411519
d2501,9.13738,39.2411719
d2502,9.0922668,39.2412559
d2503,9.0875291,39.2413271
d2504,9.1175857,39.2413394
d2505,9.1293395,39.2413526
d2506,9.1034939,39.2413577
d2507,9.1044409,39.2413908
d2508,9.1371133,39.2414503
d2509,9.0302388,39.2414604
d2510,9.1212046,39.2414634
d2511,9.1035615,39.2414653
d2512,9.1392608,39.2414902
d2513,9.1384282,39.2415935
d2514,9.0883015,39.241616
d2515,9.0913093,39.2416448
d2516,9.0973592,39.2416595
d2517,9.133728,39.2417325
d2518,9.137114,39.2417345
d2519,9.1181313,39.2417413
d2520,9.1484308,39.2417541
d2521,9.086388,39.2417929
d2522,9.1171358,39.2418123
d2523,9.1370985,39.2418132
d2524,9.1368977,39.2418158
d2525,9.1370476,39.2418318
d2526,9.1207364,39.2418418
d2527,9.1332258,39.2418515
d2528,9.1038378,39.2419335
d2529,9.1092899,39.2419602
d2530,9.1426904,39.2419663
d2531,9.1330928,39.2419858
d2532,9.1095794,39.2419906
d2533,9.1103807,39.242004
d2534,9.1115662,39.2420214
d2535,9.1105151,39.2420334
d2536,9.1204899,39.242041
d2537,9.1097557,39.2420471
d2538,9.0917797,39.2420791
d2539,9.1066901,39.242097
d2540,9.106315,39.2420998
d2541,9.1035696,39.2421144
d2542,9.1515213,39.2421174
d2543,9.1038725,39.2421634
d2544,9.1107294,39.2422217
d2545,9.1071605,39.2422289
d2546,9.1167523,39.2422439
d2547,9.1178124,39.2422441
d2548,9.1171147,39.2422536
d2549,9.1369644,39.242259
d2550,9.1167129,39.2422942
d2551,9.1084491,39.2423267
d2552,9.1322356,39.2423276
d2553,9.117158,39.2423332
d2554,9.1034932,39.2423346
d2555,9.1184662,39.2423565
d2556,9.1075106,39.242396
d2557,9.1507986,39.2423986
d2558,9.1214929,39.2424046
d2559,9.1223549,39.2424126
d2560,9.1157785,39.2424494
d2561,9.1401279,39.2424653
d2562,9.1518893,39.2425023
d2563,9.1125245,39.2425185
d2564,9.1128615,39.2425436
d2565,9.1159413,39.2425452
d2566,9.1082654,39.2425713
d2567,9.0967213,39.242607
d2568,9.1315048,39.2426151
d2569,9.1165252,39.2426174
d2570,9.1212134,39.2426411
d2571,9.1345402,39.2426612
d2572,9.1219292,39.2426647
d2573,9.1174452,39.242683
d2574,9.1128383,39.2426855
d2575,9.0838239,39.242738
d2576,9.1220268,39.2427415
d2577,9.1195731,39.2427819
d2578,9.1131226,39.2428209
d2579,9.1319406,39.2429373
d2580,9.1440785,39.2429474
d2581,9.1199362,39.2429759
d2582,9.1523434,39.2429949
d2583,9.0965416,39.2430352
d2584,9.1151468,39.2430663
d2585,9.0901994,39.2430878
d2586,9.0837005,39.2430911
d2587,9.1068387,39.2431402
d2588,9.1053778,39.243176
d2589,9.1192348,39.243185
d2590,9.0890257,39.2431854
d2591,9.1319734,39.243221
d2592,9.1383438,39.2432435
d2593,9.1060125,39.2432593
d2594,9.1383756,39.24326
d2595,9.1142857,39.2433135
d2596,9.1381896,39.2433167
d2597,9.1458554,39.2433549
d2598,9.1382071,39.2433681
d2599,9.1540766,39.2433715
d2600,9.1383877,39.2433727
d2601,9.1327468,39.2433871
d2602,9.1383699,39.2433872
d2603,9.1076009,39.2433964
d2604,9.106354,39.2434028
d2605,9.1163483,39.2434299
d2606,9.1466632,39.2434312
d2607,9.1145234,39.2434317
d2608,9.1386314,39.2434329
d2609,9.1388514,39.2434797
d2610,9.1063675,39.2434968
d2611,9.1070129,39.2435074
d2612,9.1160223,39.2435101
d2613,9.1220687,39.2435114
d2614,9.1167964,39.243536
d2615,9.1547393,39.243543
d2616,9.1390084,39.243567
d2617,9.1322909,39.2435704
d2618,9.11734,39.2436196
d2619,9.1321431,39.2436298
d2620,9.1226586,39.243649
d2621,9.1519187,39.2436628
d2622,9.132689,39.2436873
d2623,9.1392438,39.2437028
d2624,9.1229707,39.2437061
d2625,9.1217955,39.2437201
d2626,9.1331514,39.243724
d2627,9.095917,39.2437343
d2628,9.1382681,39.2438188
d2629,9.1223819,39.2438224
d2630,9.1162977,39.2438389
d2631,9.1322859,39.2438439
d2632,9.1156258,39.2438495
d2633,9.1127069,39.2438525
d2634,9.1153702,39.2438876
d2635,9.0959165,39.2438971
d2636,9.1223965,39.2439026
d2637,9.1153449,39.2439225
d2638,9.1478182,39.2439512
d2639,9.1347802,39.2439538
d2640,9.0833704,39.2439539
d2641,9.1106747,39.2439568
d2642,9.0860217,39.2440066
d2643,9.1226626,39.244023
d2644,9.1012284,39.2440285
d2645,9.138242,39.2440399
d2646,9.1398118,39.2440992
d2647,9.133601,39.2441268
d2648,9.1048668,39.244132
d2649,9.1483152,39.2441354
d2650,9.1399058,39.2441578
d2651,9.1383756,39.2441704
d2652,9.139419,39.2441755
d2653,9.1105641,39.2441984
d2654,9.0958886,39.2442116
d2655,9.138673,39.2442188
d2656,9.1537951,39.2442652
d2657,9.1232845,39.2442715
d2658,9.1481224,39.2442986
d2659,9.116481,39.2443142
d2660,9.0958819,39.2443649
d2661,9.1157179,39.2444337
d2662,9.1416426,39.2444385
d2663,9.1159084,39.2444809
d2664,9.109557,39.2445266
d2665,9.1531507,39.2445615
d2666,9.1486015,39.2445663
d2667,9.1403448,39.2445737
d2668,9.1097186,39.244615
d2669,9.1349016,39.2446393
d2670,9.111727,39.2446496
d2671,9.1155155,39.2447101
d2672,9.1140835,39.2447726
d2673,9.1098272,39.2448021
d2674,9.1188219,39.2448657
d2675,9.1052782,39.2449588
d2676,9.1092486,39.2450355
d2677,9.1342548,39.2450757
d2678,9.1191948,39.245076
d2679,9.1405267,39.2450986
d2680,9.1191517,39.2451535
d2681,9.115345,39.2451738
d2682,9.1154011,39.245192
d2683,9.1331984,39.2452098
d2684,9.1159238,39.2452489
d2685,9.1409244,39.2453211
d2686,9.128718,39.2453307
d2687,9.1172731,39.2453791
d2688,9.1418805,39.2453887
d2689,9.0118094,39.2454238
d2690,9.1419378,39.2454303
d2691,9.1272441,39.2454523
d2692,9.1417473,39.2455025
d2693,9.1314082,39.2455613
d2694,9.1379442,39.2456256
d2695,9.1287972,39.2456416
d2696,9.1440475,39.245648
d2697,9.0115932,39.2456591
d2698,9.1151259,39.2457042
d2699,9.1343354,39.2457083
d2700,9.1424033,39.2457267
d2701,9.1422972,39.2457491
d2702,9.1205126,39.2457531
d2703,9.142543,39.2457597
d2704,9.1289473,39.2458228
d2705,9.1081542,39.2458269
d2706,9.1289981,39.2458734
d2707,9.142125,39.2459777
d2708,9.1091877,39.2461256
d2709,9.133682,39.2461583
d2710,9.1341326,39.2461722
d2711,9.1379784,39.2462787
d2712,9.1121003,39.2463162
d2713,9.1403118,39.246418
d2714,9.1148924,39.2464515
d2715,9.1404003,39.2464824
d2716,9.1142753,39.246497
d2717,9.1122504,39.2465168
d2718,9.1400198,39.2465194
d2719,9.1149167,39.2465667
d2720,9.1347235,39.2465848
d2721,9.1203921,39.2465859
d2722,9.134242,39.2466077
d2723,9.1384332,39.2466506
d2724,9.1323679,39.2467322
d2725,9.1148273,39.2467718
d2726,9.1345051,39.2467775
d2727,9.1077572,39.2467836
d2728,9.0870613,39.2468393
d2729,9.1393047,39.2469021
d2730,9.1401452,39.2469353
d2731,9.1111436,39.2469492
d2732,9.1321345,39.2469667
d2733,9.1320799,39.2469958
d2734,9.1301883,39.2470257
d2735,9.1207259,39.2470647
d2736,9.1401559,39.2471264
d2737,9.1148798,39.2471502
d2738,9.1396781,39.2471668
d2739,9.1189987,39.2471797
d2740,9.1286768,39.2471906
d2741,9.1131402,39.2472187
d2742,9.1363781,39.247244
d2743,9.1316162,39.2472526
d2744,9.1315771,39.2472868
d2745,9.1328226,39.2472961
d2746,9.1056581,39.2473016
d2747,9.131156,39.2473184
d2748,9.1355824,39.2473287
d2749,9.132708,39.247349
d2750,9.1146319,39.2473816
d2751,9.0868942,39.2474182
d2752,9.1314336,39.2474261
d2753,9.1325373,39.2474385
d2754,9.1404352,39.2474462
d2755,9.13901,39.2475349
d2756,9.0811625,39.2475386
d2757,9.1304418,39.2475453
d2758,9.1322906,39.2475548
d2759,9.120577,39.2475666
d2760,9.1336096,39.2475706
d2761,9.1182988,39.247585
d2762,9.1089923,39.2476062
d2763,9.1403494,39.2476768
d2764,9.1389229,39.2477091
d2765,9.1319913,39.2477263
d2766,9.1137752,39.2477803
d2767,9.1192537,39.2478171
d2768,9.108043,39.2478244
d2769,9.1136221,39.2478353
d2770,9.1097745,39.2478497
d2771,9.1307172,39.2478797
d2772,9.1396439,39.247897
d2773,9.1102483,39.2479212
d2774,9.1398632,39.2480593
d2775,9.1398285,39.2480947
d2776,9.132792,39.2481165
d2777,9.1103804,39.2481882
d2778,9.1335362,39.2483094
d2779,9.0957827,39.2483392
d2780,9.1104562,39.2483413
d2781,9.1311546,39.2483629
d2782,9.1333527,39.2484064
d2783,9.1070289,39.2484126
d2784,9.1393569,39.248416
d2785,9.1105241,39.2484785
d2786,9.1331507,39.2485186
d2787,9.1105867,39.2486049
d2788,9.1335816,39.2486312
d2789,9.1326359,39.2487354
d2790,9.1106568,39.2487466
d2791,9.1326795,39.2487727
d2792,9.1341013,39.2487976
d2793,9.1333429,39.2488244
d2794,9.1076317,39.2488563
d2795,9.1068378,39.248937
d2796,9.1105393,39.2490225
d2797,9.1318632,39.2490498
d2798,9.1385277,39.2490846
d2799,9.107105,39.2491309
d2800,9.1329034,39.2491834
d2801,9.1080821,39.2491979
d2802,9.1068242,39.2492033
d2803,9.1069762,39.2492086
d2804,9.131822,39.2492161
d2805,9.1395799,39.2492228
d2806,9.1318434,39.2492502
d2807,9.1367274,39.2492528
d2808,9.1383152,39.2492724
d2809,9.1396832,39.2493237
d2810,9.1157866,39.2493413
d2811,9.116276,39.2493542
d2812,9.1402575,39.2493934
d2813,9.1029801,39.2494125
d2814,9.1029238,39.249439
d2815,9.1403269,39.2494443
d2816,9.1032667,39.2494541
d2817,9.1161917,39.2495331
d2818,9.1033315,39.2495395
d2819,9.1401801,39.249547
d2820,9.1011037,39.2495627
d2821,9.1393294,39.2495648
d2822,9.1164958,39.2495803
d2823,9.1154774,39.2495921
d2824,9.1155209,39.2496306
d2825,9.0895291,39.2496405
d2826,9.1041454,39.2496561
d2827,9.1028466,39.2496699
d2828,9.1033143,39.2496836
d2829,9.1168144,39.249694
d2830,9.1145416,39.2497042
d2831,9.1029327,39.2497552
d2832,9.1161692,39.2497728
d2833,9.1031782,39.2497798
d2834,9.096613,39.2498145
d2835,9.1407509,39.2498229
d2836,9.1073363,39.2498246
d2837,9.1364283,39.2498433
d2838,9.1109938,39.249852
d2839,9.1040391,39.249856
d2840,9.1172885,39.2498782
d2841,9.1073432,39.2498896
d2842,9.1049331,39.2499088
d2843,9.1406216,39.2499216
d2844,9.1158578,39.2499291
d2845,9.1073656,39.24993
d2846,9.1161156,39.2500147
d2847,9.1145455,39.2500285
d2848,9.1160055,39.2500653
d2849,9.1131721,39.2500728
d2850,9.1384217,39.2500787
d2851,9.1088421,39.2501279
d2852,9.1158664,39.2501343
d2853,9.1385054,39.2501521
d2854,9.107312,39.2501575
d2855,9.1367886,39.250192
d2856,9.1233758,39.2502833
d2857,9.1163287,39.2502861
d2858,9.121008,39.2502868
d2859,9.1155374,39.250293
d2860,9.1050886,39.2503139
d2861,9.1116719,39.2503238
d2862,9.1039253,39.2503284
d2863,9.1124258,39.2503953
d2864,9.1126604,39.2504304
d2865,9.1006949,39.2504522
d2866,9.1005172,39.250485
d2867,9.1022235,39.2505352
d2868,9.1011941,39.2505545
d2869,9.1216169,39.2505622
d2870,9.1090589,39.2506235
d2871,9.1377799,39.2506709
d2872,9.1396906,39.2507149
d2873,9.1094767,39.2507395
d2874,9.1170087,39.250768
d2875,9.1001742,39.2508137
d2876,9.1095659,39.2508169
d2877,9.1040922,39.2508228
d2878,9.1039205,39.2508882
d2879,9.1212425,39.2509287
d2880,9.1014286,39.2509951
d2881,9.1022105,39.2509968
d2882,9.1202124,39.2509979
d2883,9.1246785,39.2510718
d2884,9.1042583,39.2510777
d2885,9.137595,39.2511878
d2886,9.1227656,39.2512407
d2887,9.1213111,39.2512564
d2888,9.1248855,39.2512578
d2889,9.09271,39.2512716
d2890,9.1383589,39.2513345
d2891,9.1207042,39.2513539
d2892,9.1268476,39.2513664
d2893,9.137943,39.2515059
d2894,9.1376795,39.2515672
d2895,9.1027601,39.2515788
d2896,9.0835504,39.2516369
d2897,9.1264993,39.2516676
d2898,9.1026783,39.2517447
d2899,9.1014228,39.2517533
d2900,9.1025457,39.2518017
d2901,9.111542,39.2519448
d2902,9.101255,39.2519569
d2903,9.1348748,39.25197
d2904,9.1256059,39.2519834
d2905,9.1258516,39.2522349
d2906,9.135484,39.2522774
d2907,9.0992659,39.2523462
d2908,9.1264537,39.2525232
d2909,9.1256068,39.2526209
d2910,9.0992824,39.2526443
d2911,9.1341818,39.2526475
d2912,9.1340102,39.252719
d2913,9.0984057,39.2527357
d2914,9.0988264,39.2527687
d2915,9.1338625,39.2528466
d2916,9.0984729,39.2528747
d2917,9.0969067,39.2531999
d2918,9.1256261,39.2532196
d2919,9.0947514,39.2532197
d2920,9.0982092,39.2532321
d2921,9.0981028,39.2532614
d2922,9.0967884,39.2533082
d2923,9.0935549,39.2533225
d2924,9.124047,39.2533412
d2925,9.1201738,39.2534608
d2926,9.0968346,39.2535373
d2927,9.0933963,39.2535793
d2928,9.1244828,39.2536081
d2929,9.0980857,39.2537536
d2930,9.132914,39.2537792
d2931,9.0947472,39.2538211
d2932,9.0994972,39.2538349
d2933,9.0933223,39.2538542
d2934,9.0974819,39.2539433
d2935,9.0971796,39.2540431
d2936,9.098168,39.2540584
d2937,9.1012707,39.2541158
d2938,9.0955525,39.2541276
d2939,9.1203645,39.2541692
d2940,9.1196225,39.2542502
d2941,9.0966193,39.254385
d2942,9.1314524,39.254485
d2943,9.1214709,39.254544
d2944,9.0990992,39.2545835
d2945,9.1253017,39.2546316
d2946,9.1191949,39.254893
d2947,9.096743,39.2550013
d2948,9.09757,39.2551247
d2949,9.097829,39.2551812
d2950,9.1150658,39.2552274
d2951,9.0983344,39.255311
d2952,9.0985993,39.2553743
d2953,9.1012811,39.2554062
d2954,9.0953912,39.2554302
d2955,9.1011554,39.2554913
d2956,9.1204492,39.2555839
d2957,9.0992983,39.2556053
d2958,9.1202661,39.2556158
d2959,9.1303096,39.2556587
d2960,9.1180652,39.2557754
d2961,9.0839359,39.2560422
d2962,9.0955308,39.2560871
d2963,9.0955413,39.2563451
d2964,9.0998372,39.2564946
d2965,9.098746,39.2565853
d2966,9.0961144,39.2566218
d2967,9.1186035,39.2567701
d2968,9.1216783,39.2568654
d2969,9.1018606,39.2570769
d2970,9.1018954,39.2570769
d2971,9.0942807,39.2573555
d2972,9.1016621,39.2573573
d2973,9.1020715,39.257372
d2974,9.1002993,39.2574455
d2975,9.1020256,39.2574637
d2976,9.0982059,39.2575574
d2977,9.1010875,39.2575992
d2978,9.1013232,39.2576312
d2979,9.0868081,39.2576714
d2980,9.1145702,39.2576865
d2981,9.085999,39.2580232
d2982,9.0928688,39.2584045
d2983,9.0986437,39.2584287
d2984,9.0997784,39.2584972
d2985,9.093597,39.2585441
d2986,9.1267225,39.2590291
d2987,9.1262946,39.2596914
d2988,9.0871556,39.2597928
d2989,9.116419,39.2602611
d2990,9.0859255,39.2604466
d2991,9.1222216,39.2605373
d2992,9.1158179,39.2607942
d2993,9.1214567,39.2608164
d2994,9.0840131,39.2609682
d2995,9.0857995,39.2612986
d2996,9.1174487,39.261358
d2997,9.1224469,39.2613911
d2998,9.1248878,39.2614053
d2999,9.1175761,39.2615078
d3000,9.0860967,39.2615341
d3001,9.117707,39.2616887
d3002,9.1168622,39.2618376
d3003,9.0852576,39.2621929
d3004,9.1175861,39.2624687
d3005,9.0874431,39.2624751
d3006,9.1171465,39.2624991
d3007,9.0851955,39.2626908
d3008,9.1189172,39.2628442
d3009,9.1173496,39.2629575
d3010,9.1183516,39.2629927
d3011,9.1192849,39.2630974
d3012,9.0992724,39.2650142
d3013,9.0862663,39.2653906
d3014,9.090095,39.265647
d3015,9.096567,39.2659301
d3016,9.0849247,39.2664124
d3017,9.0846968,39.2664318
d3018,9.0861646,39.2672693
d3019,9.0815697,39.2675805
d3020,9.0770146,39.2699151
d3021,9.0846114,39.2699424
d3022,9.0830965,39.2702381
